source,target,weight
10,1050,1
10,1066,1
10,123,1
10,134,1
10,15,1
10,16,1
10,2,1
10,220,1
10,250,1
10,2927,1
10,35,1
10,3744,1
10,4588,1
10,542,1
10,5548,1
10,680,1
10,773,1
1012,126,1
1019,314,2
1019,564,2
1019,6,2
1021,318,3
1021,3198,1
1021,3705,1
1021,4117,1
1021,680,1
1025,560,2
1027,104,1
1027,164,1
1027,353,1
1027,606,1
1027,739,1
1027,836,1
1028,1065,1
1028,3514,1
1028,3975,1
1028,4072,1
1029,118,1
1029,430,2
1029,680,1
104,163,1
104,164,1
104,17,1
104,318,1
104,353,1
104,399,1
104,421,1
104,606,1
104,836,1
1040,1041,2
1040,1067,1
1040,122,1
1040,3759,1
1040,3930,1
1040,4420,1
1040,5167,1
1040,5361,1
1040,5554,1
1040,5555,1
1040,5556,1
1040,565,1
1040,680,1
1040,759,1
1041,1049,1
1041,1066,1
1041,1067,1
1041,122,1
1041,15,1
1041,17,1
1041,19,1
1041,2727,1
1041,314,1
1041,3759,1
1041,3930,1
1041,399,1
1041,4052,1
1041,4105,1
1041,4124,1
1041,4375,2
1041,4420,1
1041,4544,1
1041,4716,2
1041,4727,1
1041,4850,1
1041,5167,1
1041,5361,1
1041,5547,1
1041,5554,1
1041,5555,2
1041,5556,1
1041,5569,1
1041,5570,1
1041,5571,1
1041,5572,1
1041,5573,1
1041,5574,1
1041,5575,1
1041,5576,1
1041,565,2
1041,680,1
1041,759,2
1041,940,1
1044,1049,1
1044,1062,3
1044,1066,3
1044,4375,1
1044,4780,1
1044,4782,1
1044,4783,1
1044,682,1
1049,1050,1
1049,1059,3
1049,1062,1
1049,1066,4
1049,1067,2
1049,1127,2
1049,15,2
1049,19,1
1049,209,3
1049,24,1
1049,250,1
1049,2648,1
1049,2659,2
1049,2672,2
1049,2673,2
1049,2734,1
1049,35,1
1049,4105,1
1049,4124,1
1049,4336,1
1049,4568,1
1049,4597,1
1049,4940,1
1049,4964,1
1049,4966,2
1049,5056,1
1049,5167,1
1049,5195,1
1049,5241,1
1049,5264,1
1049,5300,2
1049,5316,3
1049,5330,2
1049,5341,1
1049,5343,2
1049,5344,2
1049,5365,1
1049,5377,1
1049,5461,1
1049,5592,1
1049,5593,1
1049,62,2
1049,620,1
1049,759,1
1049,780,2
1049,788,2
1049,795,2
1049,8,6
1050,106,1
1050,1061,2
1050,1066,1
1050,1071,1
1050,14,1
1050,15,1
1050,16,1
1050,209,1
1050,2727,2
1050,2734,1
1050,2963,1
1050,35,1
1050,3744,1
1050,3763,1
1050,3781,2
1050,5002,1
1050,5121,1
1050,542,1
1050,5516,1
1050,5547,1
1050,655,2
1050,720,1
1050,759,5
1050,8,1
1059,1066,6
1059,15,1
1059,24,1
1059,250,1
1059,2648,1
1059,2673,1
1059,2696,1
1059,35,2
1059,3961,1
1059,4189,1
1059,4516,1
1059,4580,1
1059,4597,1
1059,4616,1
1059,4632,1
1059,5026,1
1059,5167,1
1059,5316,1
1059,555,1
1059,759,1
1059,788,1
1059,8,3
106,1061,1
106,14,2
106,15,2
106,17,4
106,2727,1
106,313,1
106,314,1
106,3763,1
106,4,1
106,418,1
106,419,1
106,4318,1
106,5002,1
106,5121,1
106,671,1
106,8,1
106,94,1
1060,14,1
1060,15,1
1060,17,2
1060,2727,1
1060,2903,1
1060,4204,1
1060,422,3
1060,4420,1
1060,542,1
1060,565,1
1060,781,1
1060,8,2
1061,1066,1
1061,1071,1
1061,14,2
1061,2727,1
1061,3763,1
1061,5002,1
1061,5121,1
1061,720,1
1061,759,2
1061,8,2
1062,1066,2
1063,2734,1
1063,5226,1
1065,3514,1
1065,3975,1
1065,4072,1
1066,1067,3
1066,1127,5
1066,1128,1
1066,14,1
1066,15,7
1066,16,2
1066,169,2
1066,209,6
1066,24,1
1066,250,1
1066,2647,1
1066,2648,1
1066,2659,3
1066,2672,3
1066,2673,4
1066,2696,1
1066,2726,1
1066,2734,5
1066,2927,1
1066,314,1
1066,318,2
1066,35,1
1066,3748,1
1066,4336,3
1066,4411,1
1066,4419,1
1066,4534,1
1066,4537,1
1066,4568,1
1066,4588,1
1066,4597,2
1066,46,1
1066,4624,1
1066,4632,1
1066,4633,1
1066,4845,1
1066,4849,1
1066,4860,2
1066,4865,1
1066,4940,2
1066,4964,1
1066,4966,3
1066,5026,1
1066,5049,1
1066,5056,1
1066,5102,1
1066,5121,1
1066,5122,1
1066,5167,1
1066,518,1
1066,5195,1
1066,5239,1
1066,5241,1
1066,5264,2
1066,5285,1
1066,5288,1
1066,5297,1
1066,5300,3
1066,5316,3
1066,5330,3
1066,5341,1
1066,5343,2
1066,5344,2
1066,5349,1
1066,5355,1
1066,5360,1
1066,5365,1
1066,5377,2
1066,5455,1
1066,5461,2
1066,5462,1
1066,5473,1
1066,5484,1
1066,5485,1
1066,551,1
1066,5512,1
1066,5513,1
1066,5528,1
1066,5529,1
1066,5530,1
1066,5531,1
1066,555,2
1066,583,1
1066,598,3
1066,6,1
1066,606,2
1066,614,1
1066,62,5
1066,728,1
1066,751,1
1066,759,2
1066,764,1
1066,770,3
1066,780,3
1066,788,4
1066,792,2
1066,795,3
1066,8,9
1066,835,1
1066,836,1
1066,92,1
1066,986,1
1067,1068,2
1067,1071,2
1067,1127,2
1067,122,1
1067,15,1
1067,209,1
1067,2659,2
1067,2672,2
1067,2673,1
1067,2734,1
1067,3966,3
1067,4336,1
1067,4364,2
1067,4375,1
1067,4380,1
1067,4518,1
1067,4568,1
1067,4940,1
1067,4964,1
1067,4966,2
1067,5056,1
1067,5195,1
1067,5241,1
1067,5264,1
1067,5300,2
1067,5316,2
1067,5330,2
1067,5341,1
1067,5343,2
1067,5344,2
1067,5365,1
1067,5377,1
1067,5461,1
1067,5546,2
1067,5547,2
1067,5559,1
1067,62,2
1067,780,2
1067,788,1
1067,795,2
1067,8,3
1068,1071,2
1068,4364,2
1068,5546,2
1068,5547,2
1068,5559,1
1070,209,1
1070,361,1
1070,4313,1
1071,16,1
1071,4364,2
1071,5546,2
1071,5547,2
1071,5559,1
1071,720,1
1071,759,1
1071,8,1
108,1155,1
108,147,1
108,15,25
108,166,1
108,17,26
108,184,5
108,209,3
108,211,3
108,228,1
108,2463,1
108,251,1
108,252,2
108,255,1
108,257,1
108,258,1
108,259,2
108,261,1
108,262,1
108,264,1
108,265,1
108,266,1
108,267,1
108,2975,1
108,298,5
108,306,1
108,307,1
108,309,1
108,314,1
108,318,1
108,335,3
108,336,3
108,337,1
108,338,2
108,339,1
108,340,1
108,341,3
108,342,1
108,343,1
108,361,3
108,37,2
108,372,1
108,373,2
108,4153,2
108,42,1
108,430,1
108,4313,6
108,4316,1
108,432,1
108,433,1
108,435,5
108,4352,1
108,440,1
108,441,1
108,444,1
108,445,1
108,446,1
108,447,1
108,448,1
108,46,1
108,496,1
108,497,2
108,498,1
108,499,2
108,500,2
108,501,1
108,502,1
108,503,1
108,505,1
108,518,2
108,525,1
108,532,1
108,62,1
108,680,1
1080,555,1
1115,15,1
1115,162,2
1115,183,2
1115,1940,1
1115,1969,1
1115,198,1
1115,24,1
1115,496,1
1115,5500,1
1115,5501,1
1115,5594,1
1115,5595,1
1115,5596,1
1115,5597,1
1115,6,1
1115,608,1
1115,631,1
1115,839,1
1124,15,1
1124,19,1
1124,209,3
1124,259,1
1124,2698,1
1124,3702,1
1124,560,1
1124,583,3
1124,620,1
1124,785,1
1127,15,2
1127,19,1
1127,209,6
1127,2659,5
1127,2672,3
1127,2673,2
1127,2704,1
1127,2734,1
1127,28,1
1127,318,1
1127,432,1
1127,4336,3
1127,4557,1
1127,4558,1
1127,4559,1
1127,4568,1
1127,4940,2
1127,4964,1
1127,4966,3
1127,4986,1
1127,5051,1
1127,5056,1
1127,5070,1
1127,5174,1
1127,5195,1
1127,5240,1
1127,5241,1
1127,5264,2
1127,5282,1
1127,5287,1
1127,5300,3
1127,5316,2
1127,5330,4
1127,5340,1
1127,5341,1
1127,5343,3
1127,5344,2
1127,5347,1
1127,5349,1
1127,5351,1
1127,5352,1
1127,5354,1
1127,5365,1
1127,5377,2
1127,5461,2
1127,5464,1
1127,560,1
1127,598,1
1127,62,3
1127,682,2
1127,780,3
1127,788,3
1127,795,3
1127,8,6
1128,2734,1
1128,4136,1
1128,4411,5
1128,4416,5
1128,4557,5
1128,4844,5
1128,5026,1
1128,5355,5
1128,5528,1
1128,5529,1
1128,5530,1
1128,598,1
1128,792,1
1128,8,1
1135,562,1
115,17,1
115,427,1
115,46,1
1155,17,1
1155,251,1
1155,255,1
116,169,1
116,209,1
116,225,1
116,2659,1
116,353,1
116,430,1
116,432,1
116,4413,1
116,4844,1
116,5038,1
116,562,1
116,568,1
116,62,2
116,673,1
1174,17,1
1174,2180,1
1174,385,1
1174,386,1
1174,388,1
1174,4322,1
1174,4323,1
118,203,1
118,209,2
118,2924,1
118,314,1
118,318,1
118,353,1
118,409,1
118,430,3
118,4322,1
118,4557,1
118,606,1
118,617,1
118,680,2
118,687,1
118,748,1
118,79,1
120,209,2
120,28,1
120,5071,2
120,681,2
122,15,2
122,209,1
122,35,1
122,422,1
123,134,1
123,15,3
123,2,1
123,209,5
123,220,1
123,243,1
123,250,2
123,361,1
123,4019,1
123,409,1
123,4330,1
123,5000,1
123,5137,1
123,518,1
123,5328,1
123,5412,1
123,555,1
123,583,1
123,6,1
123,620,1
123,625,1
123,683,1
123,756,3
123,805,1
123,928,1
125,650,1
1294,209,1
13,15,1
13,209,1
13,46,1
13,5074,1
13,5169,1
13,5193,1
13,5249,1
134,2,2
134,209,2
134,220,1
134,243,2
134,250,1
134,4369,1
134,764,2
139,294,1
14,15,5
14,17,2
14,2,2
14,2659,1
14,2675,1
14,2727,1
14,3763,1
14,422,1
14,4416,1
14,5002,1
14,5097,1
14,5101,1
14,5121,1
14,5139,1
14,5421,1
14,759,1
14,781,1
14,8,3
14,940,2
143,196,2
143,2927,1
143,4026,1
145,301,1
145,533,2
145,534,1
145,535,2
145,536,2
147,15,1
147,166,1
147,184,1
147,4313,1
147,496,1
147,497,1
147,498,1
149,15,1
149,209,1
149,361,1
149,462,1
149,463,1
149,488,1
15,16,3
15,162,1
15,166,1
15,169,4
15,17,6
15,170,2
15,177,1
15,181,1
15,183,1
15,184,5
15,19,3
15,196,1
15,2,3
15,209,39
15,211,1
15,218,1
15,222,5
15,236,2
15,24,4
15,243,1
15,250,5
15,252,1
15,259,1
15,263,1
15,2647,1
15,2648,2
15,2659,2
15,2672,2
15,2673,4
15,2698,1
15,2726,1
15,2734,1
15,28,1
15,281,1
15,288,2
15,290,1
15,296,1
15,2975,1
15,298,1
15,300,2
15,302,2
15,303,2
15,307,1
15,312,1
15,313,1
15,314,9
15,316,2
15,318,4
15,323,2
15,332,2
15,334,4
15,338,1
15,339,1
15,341,3
15,345,2
15,348,2
15,349,1
15,35,4
15,361,3
15,364,3
15,365,5
15,37,1
15,370,1
15,3724,2
15,373,1
15,3744,1
15,385,2
15,3984,1
15,4,2
15,4029,1
15,403,1
15,404,1
15,405,1
15,409,1
15,4153,1
15,4197,1
15,4212,1
15,422,1
15,427,1
15,43,2
15,430,1
15,4313,5
15,4318,1
15,432,2
15,4336,2
15,435,3
15,4358,1
15,4377,2
15,444,1
15,445,1
15,449,1
15,450,1
15,451,3
15,4516,1
15,452,2
15,453,1
15,454,1
15,455,1
15,456,3
15,4568,1
15,457,4
15,458,3
15,4580,1
15,459,1
15,46,1
15,460,1
15,462,1
15,463,1
15,4633,2
15,464,1
15,465,1
15,466,1
15,467,1
15,468,1
15,469,3
15,470,1
15,471,1
15,472,1
15,4721,1
15,473,1
15,4736,2
15,474,1
15,475,1
15,476,3
15,477,2
15,478,3
15,479,3
15,480,1
15,481,3
15,482,2
15,483,3
15,484,1
15,4845,1
15,4847,1
15,485,1
15,486,1
15,487,1
15,488,1
15,489,1
15,490,1
15,491,1
15,492,1
15,493,1
15,494,1
15,4940,2
15,4942,1
15,4948,5
15,495,1
15,4959,1
15,496,1
15,4964,1
15,4966,2
15,497,2
15,4977,1
15,498,1
15,4982,1
15,4983,1
15,499,2
15,500,2
15,5004,1
15,501,1
15,502,1
15,5028,1
15,503,1
15,5031,1
15,504,1
15,5040,1
15,5044,1
15,505,1
15,5056,1
15,506,2
15,507,1
15,5074,1
15,508,1
15,5080,1
15,5082,2
15,5088,2
15,509,1
15,510,1
15,5102,1
15,5113,1
15,512,1
15,5121,2
15,5122,1
15,5128,1
15,513,1
15,5130,1
15,5131,1
15,5132,1
15,5136,4
15,514,1
15,515,1
15,5153,1
15,516,1
15,5161,1
15,5167,1
15,5181,1
15,5195,1
15,5204,1
15,5225,1
15,5226,1
15,5239,1
15,5241,1
15,5264,3
15,5265,6
15,527,1
15,5277,1
15,5285,1
15,5288,1
15,5297,1
15,5300,2
15,5316,2
15,532,1
15,5330,2
15,5341,1
15,5343,1
15,5344,1
15,5349,1
15,5355,1
15,5360,2
15,5365,1
15,5377,2
15,5383,1
15,5388,2
15,5390,1
15,542,1
15,5423,3
15,5455,1
15,5461,2
15,5462,1
15,5463,2
15,5473,1
15,551,3
15,5526,1
15,555,1
15,5594,1
15,5595,1
15,5596,1
15,5597,1
15,560,2
15,562,1
15,582,1
15,583,2
15,6,6
15,606,1
15,614,1
15,617,2
15,62,3
15,620,1
15,630,1
15,658,1
15,671,1
15,680,1
15,681,10
15,682,3
15,736,1
15,76,1
15,771,1
15,773,1
15,780,2
15,788,4
15,79,3
15,795,3
15,8,5
15,839,1
15,92,1
15,94,3
15,940,1
15,986,1
155,19,1
155,432,1
16,169,1
16,17,1
16,1955,1
16,263,1
16,2678,1
16,2697,1
16,2726,1
16,35,2
16,3744,1
16,430,1
16,4377,1
16,4559,1
16,4591,1
16,4651,1
16,4721,1
16,4944,1
16,5017,1
16,5027,1
16,5049,1
16,5121,1
16,5122,1
16,5129,1
16,5131,1
16,5170,1
16,5172,1
16,5173,1
16,5177,1
16,5182,1
16,5186,1
16,5208,1
16,5297,1
16,5301,1
16,5316,1
16,5317,1
16,5323,1
16,5324,1
16,5355,1
16,5360,1
16,5370,1
16,5403,1
16,5414,1
16,542,1
16,5431,1
16,579,1
16,598,1
16,614,1
16,62,1
16,620,1
16,682,1
16,701,1
16,795,1
16,8,1
16,940,1
16,986,1
160,169,1
160,238,1
160,318,1
160,3965,1
160,4211,2
160,430,1
160,4420,1
160,5001,1
160,5047,1
160,5156,1
160,5201,1
160,5425,1
160,5483,2
160,562,2
160,752,1
160,759,1
160,809,1
160,981,1
162,183,2
162,1940,1
162,1969,1
162,198,1
162,24,1
162,3406,1
162,496,1
162,5500,2
162,5501,1
162,5594,1
162,5595,1
162,5596,1
162,5597,1
162,6,1
162,608,1
162,631,2
162,839,1
163,399,1
164,353,1
164,385,1
164,409,1
164,504,1
164,606,1
164,617,1
164,645,1
164,735,1
164,836,1
164,96,1
165,209,1
165,249,1
165,2686,1
165,3882,1
165,432,1
165,4778,1
166,184,1
166,284,1
166,311,1
166,399,1
166,400,1
166,4313,1
166,4321,1
166,496,1
166,497,1
166,498,1
166,514,1
167,4,1
167,6,1
1679,4336,1
1679,5518,1
1679,608,1
1679,959,1
1684,181,1
1684,4374,1
1684,5175,1
169,196,2
169,209,8
169,225,1
169,263,1
169,2659,3
169,2673,1
169,2726,1
169,2734,1
169,4136,1
169,4189,1
169,4212,2
169,4336,2
169,4420,2
169,4510,1
169,4557,1
169,4568,1
169,4597,1
169,4774,1
169,4845,1
169,4972,1
169,4992,1
169,5018,1
169,5021,1
169,5076,1
169,5077,1
169,5087,1
169,5102,1
169,5122,1
169,5163,1
169,5184,1
169,5198,2
169,5209,1
169,5210,1
169,5228,1
169,5230,2
169,5239,1
169,5240,1
169,5260,1
169,5267,1
169,5277,1
169,5285,1
169,5297,1
169,5326,1
169,5336,1
169,5346,1
169,5355,1
169,5360,1
169,5381,1
169,5422,4
169,5453,1
169,5455,1
169,5459,1
169,5473,1
169,5474,1
169,5478,1
169,5488,1
169,5511,1
169,5519,1
169,553,2
169,555,2
169,583,3
169,598,1
169,6,3
169,614,1
169,62,1
169,665,3
169,680,1
169,682,17
169,764,2
169,770,4
169,779,1
169,781,1
169,784,1
169,785,1
169,788,3
169,792,1
169,8,3
169,809,1
169,940,3
169,986,1
17,176,2
17,178,3
17,181,4
17,184,2
17,196,3
17,209,4
17,211,2
17,2180,1
17,226,1
17,228,1
17,230,1
17,238,2
17,251,1
17,252,1
17,254,1
17,255,1
17,256,1
17,257,1
17,259,1
17,261,1
17,262,1
17,264,1
17,265,1
17,266,1
17,267,1
17,281,1
17,288,1
17,289,1
17,290,1
17,2975,1
17,298,6
17,30,1
17,302,1
17,303,1
17,305,1
17,306,1
17,309,1
17,312,1
17,313,2
17,314,7
17,316,6
17,317,3
17,318,5
17,319,2
17,320,1
17,322,1
17,324,1
17,325,1
17,326,1
17,327,1
17,329,2
17,330,1
17,331,1
17,332,3
17,333,1
17,334,3
17,335,5
17,336,3
17,337,1
17,338,3
17,339,1
17,34,1
17,340,1
17,341,3
17,342,1
17,343,1
17,344,6
17,345,3
17,346,1
17,347,2
17,348,1
17,349,1
17,350,2
17,351,1
17,352,1
17,353,3
17,354,1
17,355,1
17,356,2
17,357,1
17,358,1
17,359,1
17,360,1
17,361,2
17,362,1
17,363,2
17,364,3
17,365,4
17,366,1
17,367,1
17,368,1
17,369,1
17,37,1
17,370,2
17,371,1
17,372,1
17,373,1
17,374,1
17,375,1
17,376,1
17,377,2
17,379,1
17,380,2
17,381,2
17,382,2
17,383,1
17,384,1
17,385,2
17,386,1
17,388,3
17,389,1
17,390,1
17,391,3
17,392,1
17,393,1
17,394,1
17,395,2
17,396,1
17,397,1
17,398,1
17,401,2
17,402,1
17,403,3
17,404,3
17,405,3
17,406,2
17,407,1
17,408,1
17,409,1
17,411,1
17,412,1
17,414,1
17,415,1
17,4153,3
17,416,1
17,417,1
17,418,1
17,419,1
17,421,1
17,423,2
17,424,1
17,425,1
17,426,1
17,427,2
17,428,1
17,43,3
17,430,2
17,4313,2
17,4316,2
17,4318,1
17,432,2
17,4322,2
17,4323,4
17,4324,2
17,433,1
17,435,5
17,437,1
17,438,1
17,439,1
17,440,1
17,441,1
17,444,1
17,445,1
17,446,1
17,447,1
17,448,1
17,46,2
17,518,1
17,525,1
17,55,1
17,555,1
17,565,1
17,592,1
17,598,1
17,6,1
17,62,2
17,680,1
17,681,23
17,759,1
17,79,1
17,8,3
17,94,2
17,940,1
17,96,1
170,196,1
170,209,1
170,2734,1
170,300,1
170,314,1
170,4,1
170,4034,1
170,409,1
170,451,1
170,468,1
170,5316,1
170,5436,4
170,555,1
170,568,2
170,606,5
170,617,5
170,620,3
170,756,1
1744,4392,1
1744,831,1
176,592,1
177,681,1
1772,5553,1
178,332,2
178,417,1
178,43,2
181,334,3
181,363,1
181,4374,1
181,530,1
181,612,1
181,681,4
183,1940,1
183,1969,1
183,198,1
183,209,2
183,24,1
183,4559,1
183,496,1
183,5500,1
183,5501,1
183,5589,1
183,5594,1
183,5595,1
183,5596,1
183,5597,1
183,6,1
183,608,1
183,62,1
183,631,1
183,8,2
183,839,1
184,196,1
184,211,1
184,259,1
184,306,1
184,309,1
184,372,1
184,385,1
184,388,1
184,389,1
184,4313,2
184,4322,1
184,4323,1
184,487,1
184,496,1
184,497,2
184,498,1
184,499,2
1852,209,1
1852,2700,1
1852,2727,1
1852,4580,1
1852,46,1
19,198,1
19,209,5
19,243,4
19,2678,2
19,2698,1
19,2922,1
19,314,1
19,341,2
19,4034,3
19,4105,1
19,4124,1
19,432,1
19,551,1
19,5515,2
19,552,1
19,560,1
19,568,1
19,582,1
19,583,7
19,6,2
19,617,1
19,62,1
19,631,3
1940,1969,2
1940,198,1
1940,496,1
1940,5500,1
1940,5501,1
1940,608,2
1940,631,1
1955,2899,1
1955,4041,1
1955,564,1
1955,93,1
196,209,11
196,238,5
196,262,2
196,2690,1
196,2731,1
196,2734,1
196,289,1
196,2927,2
196,314,1
196,317,1
196,318,1
196,344,1
196,350,1
196,351,1
196,4026,1
196,4196,1
196,4316,1
196,432,1
196,4556,2
196,4844,1
196,487,1
196,5085,1
196,5176,2
196,518,1
196,5207,1
196,5260,1
196,5320,1
196,5330,1
196,5356,1
196,553,1
196,555,1
196,560,1
196,564,1
196,598,1
196,680,1
196,681,2
196,728,1
196,736,1
196,74,1
196,748,1
196,756,1
196,759,2
196,773,1
196,790,1
196,821,1
196,822,1
196,940,1
1969,198,1
1969,209,1
1969,24,1
1969,496,1
1969,5500,1
1969,5501,1
1969,608,2
1969,631,1
1969,764,1
198,209,1
198,243,2
198,430,1
198,496,1
198,5500,1
198,5501,1
198,608,1
198,620,1
198,631,2
2,2137,1
2,220,1
2,228,2
2,2430,1
2,250,1
2,2690,1
2,3846,1
2,3847,1
2,3851,1
2,3896,1
2,3901,1
2,4020,1
2,4106,1
2,4107,1
2,4139,1
2,4153,1
2,4369,1
2,4375,1
2,46,1
2,6,5
2,62,1
2,700,1
2,759,1
2,770,1
2,94,1
2,96,1
201,61,1
2043,209,1
2043,4192,1
2043,583,1
2043,711,1
206,4516,3
209,238,8
209,24,1
209,243,5
209,249,3
209,259,3
209,262,2
209,263,2
209,2659,3
209,2661,1
209,2672,2
209,2673,3
209,2675,1
209,2678,3
209,2686,1
209,2690,1
209,2696,2
209,2699,1
209,2700,5
209,2727,1
209,2733,1
209,2734,4
209,28,5
209,2800,1
209,2875,1
209,288,1
209,2922,1
209,2926,3
209,298,2
209,300,1
209,3020,1
209,314,7
209,318,10
209,323,3
209,325,1
209,326,1
209,327,2
209,329,1
209,330,1
209,331,1
209,338,2
209,35,1
209,353,3
209,354,8
209,361,4
209,3718,1
209,3765,1
209,3769,1
209,3771,1
209,3777,1
209,3840,1
209,3850,1
209,3882,2
209,3894,1
209,3975,2
209,3984,3
209,399,1
209,4,1
209,4029,1
209,4034,2
209,4060,1
209,4087,1
209,409,6
209,4147,1
209,4153,1
209,4154,1
209,4196,6
209,4212,1
209,422,1
209,430,7
209,4313,1
209,432,13
209,4325,1
209,4326,1
209,4332,1
209,4336,5
209,4387,1
209,4399,1
209,4419,1
209,442,1
209,4420,1
209,443,1
209,447,1
209,448,1
209,4534,1
209,4557,1
209,4559,1
209,4568,1
209,4580,1
209,459,1
209,46,3
209,462,1
209,463,1
209,469,2
209,474,1
209,475,1
209,4778,1
209,4783,1
209,4826,1
209,4845,1
209,4860,4
209,488,1
209,4932,1
209,4940,2
209,4943,1
209,4948,4
209,4954,1
209,4956,1
209,4958,1
209,4960,1
209,4964,1
209,4966,2
209,4968,1
209,4975,1
209,4977,1
209,4988,1
209,4993,1
209,5000,1
209,5022,1
209,5024,1
209,5026,3
209,5029,2
209,5043,1
209,5056,1
209,5067,1
209,5069,1
209,5071,2
209,5074,1
209,5076,1
209,5081,1
209,5082,2
209,5088,4
209,509,1
209,5094,1
209,5102,1
209,5105,2
209,5121,2
209,5133,1
209,5137,1
209,5143,1
209,5144,1
209,5149,1
209,5161,1
209,5165,1
209,5169,1
209,518,1
209,5183,1
209,5193,1
209,5195,1
209,5204,1
209,5228,1
209,5239,1
209,5241,1
209,5249,1
209,5260,1
209,5262,1
209,5264,2
209,5265,4
209,5268,1
209,5269,1
209,5273,1
209,5274,1
209,5277,3
209,5285,1
209,5300,2
209,5304,1
209,5316,4
209,5328,1
209,5330,3
209,5341,1
209,5343,1
209,5344,1
209,5349,1
209,5350,1
209,5353,1
209,5358,1
209,5361,2
209,5365,1
209,5375,1
209,5377,2
209,5412,1
209,5413,2
209,5417,1
209,5422,2
209,5431,2
209,5453,1
209,5455,1
209,5461,2
209,5467,1
209,5473,1
209,551,4
209,5516,1
209,5517,1
209,552,3
209,553,1
209,5548,1
209,555,8
209,5581,2
209,5582,1
209,5583,1
209,5591,1
209,560,4
209,562,3
209,564,4
209,565,1
209,568,5
209,570,1
209,583,10
209,593,1
209,594,2
209,597,2
209,598,1
209,6,11
209,606,1
209,607,1
209,617,12
209,62,24
209,620,12
209,627,4
209,631,5
209,635,1
209,636,2
209,640,3
209,667,1
209,679,1
209,680,7
209,681,2
209,682,4
209,683,1
209,685,1
209,687,1
209,699,1
209,700,3
209,701,1
209,710,2
209,729,1
209,735,1
209,736,2
209,739,2
209,74,2
209,748,1
209,751,1
209,756,2
209,759,1
209,764,2
209,769,1
209,770,1
209,771,1
209,773,4
209,780,2
209,781,1
209,788,2
209,79,1
209,790,1
209,795,4
209,8,6
209,805,1
209,809,1
209,821,1
209,822,1
209,93,4
209,940,1
211,259,1
211,4313,2
211,497,1
211,62,1
211,700,1
211,96,1
2137,2430,1
2137,4106,1
2180,385,1
2180,386,1
2180,388,1
2180,4322,1
2180,4323,1
219,2691,1
219,5,1
220,250,1
220,304,1
220,95,1
222,236,2
222,296,1
222,314,1
222,365,1
222,4358,1
222,652,2
222,681,2
222,94,1
225,314,1
225,3975,1
225,553,1
225,62,1
226,425,1
226,426,1
226,427,1
228,261,1
228,2690,1
228,298,1
228,3847,1
228,3851,1
228,3896,1
228,3901,1
228,4153,2
228,435,1
228,6,1
229,238,1
23,2926,1
23,353,1
230,329,1
230,437,1
230,438,1
230,439,1
236,296,1
236,681,2
238,243,1
238,289,1
238,3188,1
238,344,1
238,350,1
238,351,1
238,399,1
238,430,1
238,4316,1
238,4988,1
238,5029,2
238,5088,2
238,518,1
238,5316,2
238,553,1
238,6,2
238,62,3
238,640,1
238,680,1
238,681,2
238,682,1
238,752,1
238,756,1
238,769,1
238,8,1
2394,5542,1
2394,5553,1
24,250,1
24,2648,2
24,2673,1
24,42,1
24,5167,1
24,5316,1
24,5526,1
24,5594,1
24,5595,1
24,5596,1
24,5597,1
24,6,1
24,680,1
24,751,1
24,788,1
24,8,1
24,839,1
24,99,1
240,314,1
240,4708,1
243,314,1
243,318,1
243,4034,2
243,430,1
243,5103,1
243,5396,1
243,5560,1
243,583,1
243,6,2
243,620,1
243,631,4
243,764,2
2430,4106,1
2463,4352,1
248,328,1
249,2686,1
249,361,1
249,3882,1
249,4060,1
249,4087,1
249,432,1
249,4778,1
249,593,1
249,6,1
249,613,1
249,62,1
249,627,1
249,647,1
249,88,1
250,2648,1
250,2673,1
250,345,2
250,403,2
250,404,1
250,4349,1
250,4350,1
250,4351,1
250,489,1
250,5167,1
250,5316,1
250,671,1
250,735,1
250,788,1
250,79,2
250,8,1
250,991,1
251,255,1
252,253,1
252,339,1
252,340,1
252,532,1
254,681,1
256,681,1
257,259,1
259,3702,2
259,4313,1
259,497,1
259,620,1
2595,4373,1
2595,680,1
261,298,1
261,435,1
261,4763,1
262,264,1
262,265,1
262,266,1
262,267,1
262,4316,1
262,570,1
262,74,1
262,821,1
262,822,1
262,93,1
263,314,1
263,409,1
263,430,1
263,5413,1
263,62,1
263,620,2
263,682,1
263,701,1
263,940,1
264,265,1
264,266,1
264,267,1
264,4316,1
2647,4633,1
2647,5288,1
2647,5462,1
2647,92,1
2648,2673,1
2648,5167,1
2648,5316,1
2648,5526,1
2648,788,1
2648,8,1
265,266,1
265,267,1
265,4316,1
2659,2672,3
2659,2673,4
2659,2682,1
2659,2721,1
2659,2734,3
2659,3739,1
2659,3963,1
2659,3968,2
2659,3984,1
2659,3993,1
2659,4029,1
2659,4206,2
2659,4336,8
2659,4416,1
2659,4558,1
2659,4559,2
2659,4568,2
2659,46,1
2659,4932,1
2659,4940,2
2659,4946,1
2659,4951,1
2659,4964,1
2659,4966,3
2659,4971,2
2659,4979,1
2659,4994,1
2659,5012,1
2659,5014,1
2659,5045,1
2659,5049,1
2659,5056,1
2659,5092,1
2659,5104,1
2659,5111,1
2659,5134,1
2659,5192,1
2659,5194,1
2659,5195,1
2659,5202,1
2659,5203,1
2659,5223,1
2659,5241,1
2659,5242,1
2659,5259,1
2659,5264,2
2659,5265,1
2659,5278,1
2659,5283,1
2659,5300,5
2659,5316,2
2659,5330,5
2659,5331,2
2659,5333,1
2659,5338,1
2659,5341,3
2659,5343,2
2659,5344,2
2659,5349,2
2659,5363,1
2659,5365,1
2659,5377,3
2659,5400,1
2659,5450,1
2659,5458,2
2659,5461,4
2659,5465,1
2659,562,1
2659,6,2
2659,62,4
2659,620,1
2659,682,3
2659,764,1
2659,771,1
2659,780,5
2659,781,1
2659,788,4
2659,792,1
2659,795,5
2659,8,14
2659,801,1
2659,809,1
2659,831,1
2659,93,1
266,267,1
266,4316,1
2661,2734,1
2661,3229,1
2661,3975,1
2661,598,1
2661,62,1
2661,620,1
2669,4417,1
2669,4604,1
267,4316,1
2672,2673,2
2672,2734,1
2672,4336,2
2672,4568,1
2672,4940,2
2672,4964,1
2672,4966,3
2672,5056,1
2672,5195,1
2672,5241,1
2672,5264,2
2672,5300,3
2672,5316,2
2672,5330,3
2672,5341,1
2672,5343,2
2672,5344,2
2672,5349,1
2672,5352,1
2672,5365,1
2672,5377,2
2672,5461,2
2672,62,3
2672,780,3
2672,788,2
2672,795,3
2672,8,3
2673,2734,2
2673,3739,1
2673,3984,1
2673,3993,1
2673,4029,1
2673,4206,1
2673,4336,3
2673,4568,2
2673,4845,1
2673,4932,1
2673,4940,2
2673,4946,1
2673,4951,1
2673,4964,1
2673,4966,2
2673,5045,1
2673,5056,1
2673,5092,1
2673,5102,1
2673,5104,1
2673,5167,1
2673,5192,1
2673,5194,1
2673,5195,1
2673,5202,1
2673,5203,1
2673,5239,1
2673,5241,1
2673,5242,1
2673,5264,2
2673,5265,1
2673,5278,1
2673,5283,1
2673,5285,1
2673,5300,4
2673,5316,2
2673,5330,2
2673,5341,3
2673,5343,1
2673,5344,1
2673,5349,2
2673,5365,1
2673,5377,3
2673,5455,1
2673,5458,1
2673,5461,4
2673,5473,1
2673,606,1
2673,62,2
2673,737,1
2673,771,1
2673,780,4
2673,788,4
2673,795,4
2673,8,3
2673,809,1
2674,4212,1
2674,5430,1
2674,5519,1
2674,5520,1
2674,5521,1
2674,5522,1
2674,5523,1
2674,5524,1
2678,2700,1
2678,2786,1
2678,341,2
2678,3765,1
2678,3769,2
2678,3777,1
2678,4632,1
2678,5208,1
2678,5422,1
2678,5515,3
2678,5516,1
2678,5530,1
2678,555,1
2678,5561,1
2678,5564,3
2678,5565,1
2678,5566,1
2678,5567,1
2678,5568,1
2678,583,2
2678,598,1
2678,667,1
2681,2700,1
2681,3769,1
2681,3776,1
2681,4204,1
2681,4568,1
2682,314,1
2682,4844,1
2682,5049,1
2682,5259,1
2682,5339,1
2682,792,1
2682,8,1
2682,831,1
2684,2698,3
2684,3139,1
2684,3975,1
2684,4029,2
2684,419,1
2684,4494,1
2684,4545,5
2684,4597,1
2684,4624,1
2684,4997,3
2684,5046,1
2684,5118,5
2684,5293,1
2684,5309,1
2684,5316,1
2684,5378,1
2684,5419,3
2684,542,1
2684,5445,1
2684,5454,1
2684,598,2
2684,940,1
2686,3882,1
2686,3958,1
2686,3987,1
2686,432,1
2686,46,1
2686,4778,1
2686,4789,1
2686,4790,1
2690,3847,1
2690,3851,1
2690,3896,1
2690,3901,1
2690,4153,1
2690,4420,1
2690,4510,1
2690,4991,1
2690,555,1
2690,6,2
2690,788,1
2691,5,1
2695,430,1
2695,4597,1
2695,5355,1
2695,598,1
2695,625,1
2695,79,1
2696,2699,1
2696,2700,2
2696,4212,1
2696,432,2
2696,5026,1
2696,5422,2
2696,631,1
2696,679,1
2696,770,1
2696,791,1
2697,4559,1
2697,4721,1
2697,4944,1
2697,5017,1
2697,5027,1
2697,5129,1
2697,5170,1
2697,5172,1
2697,5173,1
2697,5177,1
2697,5182,1
2697,5186,1
2697,5208,1
2697,5301,1
2697,5316,1
2697,5317,1
2697,5323,1
2697,5324,1
2697,5370,1
2697,5403,1
2697,5414,1
2697,5431,1
2697,749,1
2697,756,1
2697,795,1
2698,4545,3
2698,4997,3
2698,5118,3
2698,5293,1
2698,5419,2
2698,5445,1
2698,5454,1
2698,560,1
2699,2700,1
2699,432,1
2699,4945,2
2699,5422,1
2699,62,2
2699,788,2
2700,2727,1
2700,3765,1
2700,3769,2
2700,3776,1
2700,3777,1
2700,3975,1
2700,4204,1
2700,4212,1
2700,432,2
2700,4420,1
2700,4568,1
2700,4580,1
2700,46,1
2700,5422,2
2700,5482,1
2700,631,1
2700,665,1
2700,679,1
2700,682,1
2700,686,1
2704,8,1
2705,4588,1
2705,4677,1
2705,5492,1
2705,560,1
2705,8,2
2720,4136,1
2720,665,1
2720,764,1
2726,5122,1
2726,5297,1
2726,5355,1
2726,5360,1
2726,614,1
2726,986,1
2727,2734,1
2727,2903,1
2727,314,1
2727,3732,1
2727,3763,1
2727,3975,1
2727,4204,1
2727,4375,1
2727,4386,1
2727,4417,1
2727,4420,1
2727,4580,1
2727,4598,1
2727,46,1
2727,4654,1
2727,5002,1
2727,5121,1
2727,5123,1
2727,542,1
2727,5516,1
2727,5527,1
2727,5547,1
2727,940,2
2731,5320,1
2732,4546,1
2732,4721,1
2732,5249,1
2732,788,1
2734,314,1
2734,318,1
2734,3739,1
2734,3748,1
2734,3984,1
2734,3993,1
2734,4029,1
2734,4034,1
2734,4206,1
2734,4336,1
2734,4537,1
2734,4568,2
2734,46,1
2734,4865,1
2734,4932,1
2734,4940,1
2734,4946,1
2734,4951,1
2734,4964,1
2734,4966,1
2734,5045,1
2734,5056,1
2734,5092,1
2734,5104,1
2734,5192,1
2734,5194,1
2734,5195,1
2734,5202,1
2734,5203,1
2734,5226,1
2734,5241,1
2734,5242,1
2734,5264,1
2734,5265,1
2734,5278,1
2734,5283,1
2734,5300,2
2734,5316,1
2734,5330,1
2734,5341,2
2734,5343,1
2734,5344,1
2734,5365,1
2734,5377,1
2734,5458,1
2734,5461,2
2734,5514,1
2734,5516,1
2734,5528,1
2734,5529,1
2734,5530,1
2734,5531,1
2734,5547,1
2734,598,3
2734,62,2
2734,756,1
2734,771,1
2734,780,2
2734,788,1
2734,792,2
2734,795,2
2734,8,1
2734,809,1
2745,93,1
2758,4316,1
2758,645,1
2763,3773,1
2786,5564,1
2793,4042,1
2793,4793,1
28,314,2
28,318,1
28,361,1
28,4124,1
28,4197,1
28,430,1
28,4559,1
28,4990,1
28,5136,1
28,5296,1
28,5360,1
28,5423,1
28,560,1
28,583,1
28,617,4
28,620,1
28,673,1
2800,3850,1
2800,3882,1
2800,3894,1
2800,93,1
281,324,1
281,430,1
281,458,1
283,4,1
284,311,1
284,399,1
284,400,1
284,4321,1
284,514,1
286,288,1
2874,555,1
2874,789,1
2875,631,1
288,318,1
288,323,2
288,466,1
289,518,1
289,681,1
2899,4041,1
2899,564,1
2899,93,1
290,312,1
2903,4204,1
2903,4420,1
2903,542,1
2906,5312,1
2906,62,1
291,671,1
2916,4030,1
2916,620,1
2922,6,1
2922,62,1
2924,318,1
2924,361,1
2924,4976,1
2924,5084,1
2924,62,1
2924,680,1
2925,5216,2
2925,555,1
2926,353,1
2926,3840,1
2926,4070,1
2926,430,1
2926,5284,1
2926,555,1
2926,582,1
2926,617,1
2926,62,4
2926,620,1
2926,631,1
2926,682,2
2927,4622,1
2927,5484,1
2927,5485,1
2927,583,1
2931,4568,1
2931,4860,1
2935,4337,1
2935,6,1
2935,680,1
2936,4,1
2936,4030,1
2946,314,1
2946,5215,1
2946,5244,1
296,681,1
2975,314,1
2975,432,1
2975,444,1
2975,445,1
2975,46,1
298,335,2
298,336,2
298,337,1
298,338,3
298,401,1
298,4153,2
298,433,1
298,435,1
30,416,1
300,3733,1
300,418,2
300,451,1
300,5055,1
300,5075,1
300,5096,1
300,5144,2
300,5196,1
300,5200,1
300,5224,1
300,5333,1
300,5386,1
300,5387,1
300,5391,1
300,5392,1
300,5393,1
300,5395,1
300,5440,1
300,5447,1
300,5453,1
300,555,2
300,614,1
300,636,1
300,671,1
300,788,2
300,8,1
301,4,1
301,604,1
302,303,2
302,427,1
302,473,1
3020,323,1
3020,680,1
303,4,1
303,473,1
304,4375,1
304,581,2
304,8,2
305,405,1
306,309,1
306,372,1
307,37,1
307,4313,1
307,502,1
309,372,1
31,3524,1
31,3872,1
31,4378,1
31,680,1
31,96,1
311,399,1
311,400,1
311,4321,1
311,4737,1
311,514,1
311,96,1
313,314,2
313,332,1
313,43,1
313,94,1
3139,4029,1
314,318,3
314,353,1
314,365,8
314,370,2
314,371,1
314,4030,1
314,409,2
314,4185,1
314,4196,4
314,422,1
314,430,1
314,432,2
314,444,1
314,445,1
314,4557,1
314,4559,2
314,46,1
314,4708,1
314,4761,1
314,477,2
314,4860,1
314,5020,1
314,5057,2
314,5080,2
314,5161,1
314,5215,1
314,5244,1
314,5339,1
314,553,1
314,560,1
314,564,4
314,583,1
314,6,4
314,607,1
314,617,1
314,62,3
314,621,3
314,631,1
314,671,1
314,681,4
314,684,1
314,687,1
314,713,1
314,735,2
314,748,1
314,816,1
314,94,1
316,428,1
316,671,1
317,318,3
3172,42,1
3172,699,1
318,3198,1
318,323,1
318,3705,1
318,4,1
318,4117,1
318,421,1
318,430,3
318,4336,1
318,4368,1
318,4419,1
318,447,1
318,448,1
318,4559,1
318,466,1
318,4782,1
318,4860,1
318,4986,1
318,5060,1
318,5406,1
318,555,2
318,617,1
318,62,1
318,620,1
318,680,2
318,735,1
318,751,1
319,320,1
319,4324,2
3198,3705,1
32,4713,1
320,4324,1
3223,4339,1
3223,671,1
3229,3975,1
323,4371,1
323,466,1
323,680,3
324,430,1
325,326,1
325,327,1
325,79,1
326,327,1
326,79,1
327,358,1
327,4345,1
327,671,1
327,79,1
327,93,1
329,330,2
329,331,1
329,432,1
329,437,1
329,438,1
329,439,1
329,62,1
329,627,1
330,331,1
330,432,1
330,62,1
330,627,1
331,432,1
331,62,1
332,409,1
332,417,1
332,43,5
332,510,1
332,76,1
333,34,1
334,370,1
334,4,2
334,449,1
334,450,1
334,531,2
334,681,2
335,336,2
335,337,1
335,343,1
335,353,1
335,377,1
335,380,1
335,381,1
335,382,1
335,390,1
335,391,2
335,392,1
335,393,1
335,394,1
335,395,2
335,396,1
335,397,1
335,398,1
335,407,1
335,408,1
335,409,1
335,411,1
335,412,1
335,414,1
335,4323,1
335,433,1
336,337,1
336,342,1
336,4,1
336,433,1
337,433,1
338,4153,2
338,94,1
339,340,1
339,458,1
339,671,1
3390,728,1
3406,5500,1
3406,631,1
341,435,5
341,455,1
341,5515,2
341,583,2
3418,3847,1
3418,3848,1
3418,3974,1
3418,4085,1
3418,461,1
344,345,3
344,350,2
344,351,1
344,352,1
344,367,1
344,368,1
344,403,3
344,404,3
344,4316,1
344,681,4
345,403,3
345,404,4
345,681,1
345,79,1
346,347,1
346,348,1
346,349,1
346,681,1
347,348,1
347,349,1
347,366,1
347,681,2
348,349,2
348,364,1
348,495,1
348,508,1
348,681,1
349,364,1
349,508,1
349,681,1
3495,4978,1
35,3744,1
35,4377,1
35,4580,3
35,467,1
35,4847,2
35,4970,1
35,4973,1
35,5121,1
35,5131,1
35,5266,1
35,5300,1
35,5360,1
35,542,1
35,620,2
35,682,1
35,776,1
35,8,3
350,351,1
350,4316,1
350,681,2
351,4316,1
351,681,1
3514,3975,1
3514,4072,1
352,367,1
352,368,1
352,681,1
3524,3872,1
3524,4378,1
3524,96,1
353,354,1
353,355,1
353,364,1
353,377,2
353,379,1
353,380,2
353,381,2
353,382,2
353,383,1
353,384,1
353,390,1
353,391,2
353,392,1
353,393,1
353,394,1
353,395,1
353,396,1
353,397,1
353,398,1
353,409,1
353,430,1
353,432,2
353,4323,2
353,4419,2
353,4537,1
353,4557,1
353,4844,1
353,5154,1
353,5369,2
353,560,1
353,606,1
353,617,1
353,62,2
353,627,1
353,681,1
353,687,1
353,748,1
353,79,1
353,836,1
354,355,1
354,364,1
354,4418,1
354,4534,1
354,5307,1
354,5318,3
354,5321,1
354,5417,1
354,5538,1
354,5539,1
354,5540,1
354,5541,1
354,62,1
354,681,1
354,686,1
354,739,1
354,742,1
355,364,1
355,681,1
356,357,1
356,358,1
356,359,1
356,360,1
356,681,2
357,358,1
357,359,1
357,360,1
357,681,1
358,359,1
358,360,1
358,4345,1
358,671,1
358,681,1
359,360,1
359,681,1
360,4,1
360,4029,2
360,4196,1
360,62,1
360,681,1
361,373,2
361,3969,1
361,4060,1
361,4087,1
361,4212,1
361,430,1
361,4313,3
361,4376,1
361,462,1
361,463,1
361,488,1
361,4969,1
361,4976,1
361,503,1
361,5030,1
361,505,1
361,5084,1
361,5138,1
361,525,1
361,5470,1
361,5581,1
361,583,1
361,62,3
361,673,1
361,680,2
361,785,1
361,795,1
361,93,1
361,962,1
362,415,1
362,94,1
363,681,2
364,508,1
364,681,3
364,79,1
365,370,1
365,504,1
365,681,3
366,681,1
367,368,1
367,681,1
368,681,1
369,681,1
37,4313,2
37,446,1
37,502,1
370,371,1
370,449,1
370,450,1
370,681,1
3702,3979,1
3702,620,1
3703,5183,2
3703,555,1
371,681,1
3718,3771,1
3718,4420,1
3718,4826,1
3718,4993,1
3718,5024,1
3718,5094,1
3718,5304,1
3718,5316,1
3718,5358,1
3718,5361,1
3718,565,1
3718,795,1
3718,8,1
3725,4688,1
373,4313,2
373,503,1
373,505,1
3732,3975,1
3732,4417,1
3732,940,1
3733,4844,1
3733,5096,1
3733,5196,1
3733,5386,1
3733,5387,1
3733,5391,1
3733,5392,1
3733,5393,1
3733,5395,1
3733,555,1
3733,560,1
3739,3984,1
3739,3993,1
3739,4029,1
3739,4206,1
3739,4568,1
3739,4932,1
3739,4946,1
3739,4951,1
3739,5045,1
3739,5092,1
3739,5104,1
3739,5192,1
3739,5194,1
3739,5202,1
3739,5203,1
3739,5242,1
3739,5265,1
3739,5278,1
3739,5283,1
3739,5300,1
3739,5341,1
3739,5458,1
3739,5461,1
3739,771,1
3739,780,1
3739,788,1
3739,795,1
3739,809,1
374,375,1
374,376,1
374,55,1
3741,4070,1
3741,5197,1
3741,5229,1
3741,5444,1
3741,5468,1
3741,555,1
3741,781,1
3744,542,1
3748,4375,1
3748,4749,1
375,376,1
375,55,1
3757,3777,1
3757,399,1
3757,4020,1
3757,542,1
3757,759,1
3759,3930,1
3759,4420,1
3759,5167,1
3759,5361,1
3759,5554,1
3759,5555,1
3759,5556,1
3759,565,1
3759,680,1
3759,759,1
376,55,1
3763,5002,1
3763,5121,1
3764,3765,1
3764,4604,1
3764,5121,2
3765,3769,1
3765,3777,2
3765,4020,1
3765,4604,5
3769,3776,1
3769,3777,1
3769,4204,1
3769,4568,1
3769,5564,1
377,379,1
377,380,2
377,381,2
377,382,2
377,383,1
377,384,1
377,390,1
377,391,2
377,392,1
377,393,1
377,394,1
377,395,1
377,396,1
377,397,1
377,398,1
377,4323,2
3771,4420,1
3771,4826,1
3771,4993,1
3771,5024,1
3771,5094,1
3771,5304,1
3771,5316,1
3771,5358,1
3771,5361,1
3771,565,1
3771,795,1
3771,8,1
3773,759,1
3776,4204,1
3776,4568,1
3777,399,1
3777,4020,1
3777,4604,1
3777,542,1
3777,759,1
3781,655,2
3781,759,2
379,380,1
379,381,1
379,382,1
379,383,1
379,384,1
379,391,1
379,4323,1
380,381,2
380,382,2
380,383,1
380,384,1
380,390,1
380,391,2
380,392,1
380,393,1
380,394,1
380,395,1
380,396,1
380,397,1
380,398,1
380,4323,2
381,382,2
381,383,1
381,384,1
381,390,1
381,391,2
381,392,1
381,393,1
381,394,1
381,395,1
381,396,1
381,397,1
381,398,1
381,4323,2
382,383,1
382,384,1
382,390,1
382,391,2
382,392,1
382,393,1
382,394,1
382,395,1
382,396,1
382,397,1
382,398,1
382,4323,2
383,384,1
383,391,1
383,4323,1
384,391,1
384,4323,1
3840,430,1
3840,4412,1
3840,617,1
3840,62,1
3840,756,1
3846,4139,1
3846,4375,1
3846,6,1
3847,3848,1
3847,3851,1
3847,3896,1
3847,3901,1
3847,3974,1
3847,4085,1
3847,4153,1
3847,461,1
3847,6,1
3848,3974,1
3848,4085,1
3848,461,1
385,386,1
385,388,2
385,389,1
385,409,1
385,4322,2
385,4323,2
385,476,2
385,504,1
385,617,1
385,645,1
385,735,1
385,96,1
3850,3882,1
3850,3894,1
3850,93,1
3851,3896,1
3851,3901,1
3851,4153,1
3851,6,1
386,388,1
386,4322,1
386,4323,1
3872,4378,1
3872,96,1
3873,4084,1
3873,4115,1
3873,627,1
3873,93,1
388,389,1
388,401,1
388,402,1
388,4153,1
388,4322,2
388,4323,2
3882,3894,1
3882,432,1
3882,4778,1
3882,93,1
389,4322,1
389,4323,1
3894,93,1
3896,3901,1
3896,4153,1
3896,6,1
390,391,1
390,392,1
390,393,1
390,394,1
390,395,1
390,396,1
390,397,1
390,398,1
390,4323,1
3901,4153,1
3901,6,1
391,392,1
391,393,1
391,394,1
391,395,2
391,396,1
391,397,1
391,398,1
391,407,1
391,408,1
391,409,1
391,411,1
391,412,1
391,414,1
391,4323,2
392,393,1
392,394,1
392,395,1
392,396,1
392,397,1
392,398,1
392,4323,1
393,394,1
393,395,1
393,396,1
393,397,1
393,398,1
393,4323,1
3930,4420,1
3930,5167,1
3930,5361,1
3930,5554,1
3930,5555,1
3930,5556,1
3930,565,1
3930,680,1
3930,759,1
394,395,1
394,396,1
394,397,1
394,398,1
394,4323,1
395,396,1
395,397,1
395,398,1
395,407,1
395,408,1
395,409,1
395,411,1
395,412,1
395,414,1
395,4323,1
3958,3987,1
3958,46,1
3958,4789,1
3958,4790,1
396,397,1
396,398,1
396,4323,1
3961,4516,2
3961,5005,1
3961,5006,1
3961,5035,1
3961,5231,1
3961,5250,1
3963,4932,1
3963,5277,1
3963,555,1
3963,93,1
3965,5449,1
3965,759,1
3965,792,1
3965,981,1
3968,4336,1
3968,4375,1
3968,581,1
3968,8,1
3969,4376,1
3969,62,1
3969,93,1
3969,962,1
397,398,1
397,4323,1
3974,4085,1
3974,461,1
3975,4072,1
3975,4407,1
3975,4411,1
3975,4413,1
3975,4417,1
3975,4420,1
3975,4597,1
3975,4598,1
3975,46,1
3975,5064,1
3975,5068,1
3975,542,1
3975,5542,2
3975,5591,1
3975,562,1
3975,598,2
3975,62,2
3975,682,1
3975,748,1
3975,940,2
3979,617,1
3979,620,1
3979,739,2
398,4323,1
3984,3993,1
3984,4029,1
3984,4034,3
3984,4197,1
3984,4206,1
3984,4568,1
3984,4932,1
3984,4946,1
3984,4951,1
3984,4983,1
3984,5004,1
3984,5045,1
3984,5092,1
3984,5104,1
3984,5130,1
3984,5153,1
3984,5192,1
3984,5194,1
3984,5202,1
3984,5203,1
3984,5242,1
3984,5264,1
3984,5265,1
3984,5278,1
3984,5283,1
3984,5300,1
3984,5341,1
3984,5458,1
3984,5461,1
3984,5463,1
3984,640,1
3984,682,1
3984,74,1
3984,771,1
3984,780,1
3984,788,1
3984,795,2
3984,809,1
3987,46,1
3987,4789,1
3987,4790,1
3987,4791,1
3987,4792,1
3987,711,1
3989,93,1
399,400,1
399,4020,1
399,4052,1
399,4321,1
399,4544,1
399,4727,1
399,4850,1
399,514,1
399,542,1
399,5547,1
399,5555,1
399,5569,1
399,5570,1
399,5571,1
399,5572,1
399,5573,1
399,5574,1
399,5575,1
399,5576,1
399,565,1
399,682,1
399,759,1
399,769,1
399,8,1
399,940,1
3993,4029,1
3993,4206,1
3993,4568,1
3993,4932,1
3993,4946,1
3993,4951,1
3993,5045,1
3993,5092,1
3993,5104,1
3993,5192,1
3993,5194,1
3993,5202,1
3993,5203,1
3993,5242,1
3993,5265,1
3993,5278,1
3993,5283,1
3993,5300,1
3993,5341,1
3993,5458,1
3993,5461,1
3993,771,1
3993,780,1
3993,788,1
3993,795,1
3993,804,1
3993,809,1
3997,4124,1
3997,5599,2
4,4030,1
4,4034,1
4,420,1
4,4318,1
4,476,1
4,531,2
4,5423,1
4,555,1
4,62,1
4,669,1
4,681,1
4,94,1
4,95,2
400,4321,1
400,514,1
401,402,1
401,4153,1
4019,756,1
402,4153,1
4020,542,1
4020,759,2
4021,8,1
4027,518,1
4027,560,2
4029,4185,2
4029,419,1
4029,4206,2
4029,422,1
4029,4336,1
4029,4400,2
4029,4494,1
4029,4568,1
4029,4579,1
4029,4587,1
4029,4624,1
4029,4854,1
4029,4932,1
4029,4946,1
4029,4951,1
4029,5045,1
4029,5046,1
4029,5048,1
4029,5092,1
4029,5103,2
4029,5104,1
4029,5127,1
4029,5192,1
4029,5194,1
4029,5202,1
4029,5203,1
4029,5242,1
4029,5247,1
4029,5261,1
4029,5264,1
4029,5265,1
4029,5270,1
4029,5278,1
4029,5283,1
4029,5300,1
4029,5309,1
4029,5316,1
4029,5319,1
4029,5341,1
4029,5378,1
4029,5416,1
4029,5435,1
4029,5445,1
4029,5446,1
4029,5458,1
4029,5461,1
4029,560,1
4029,598,1
4029,6,1
4029,615,1
4029,736,1
4029,769,1
4029,771,1
4029,780,1
4029,788,1
4029,795,1
4029,809,1
403,404,3
403,4349,1
403,4350,1
403,4351,1
403,489,1
403,671,1
403,681,1
403,79,1
403,991,1
4030,4761,1
4030,560,1
4030,620,1
4030,713,1
4030,816,1
4033,625,1
4034,5144,1
4034,555,1
4034,631,3
4034,640,3
4034,74,1
4035,4196,1
404,681,1
4041,564,1
4041,565,1
4041,93,1
405,406,2
4052,4544,1
4052,4727,1
4052,4850,1
4052,5547,1
4052,5555,1
4052,5569,1
4052,5570,1
4052,5571,1
4052,5572,1
4052,5573,1
4052,5574,1
4052,5575,1
4052,5576,1
4052,565,1
4052,940,1
4059,4336,1
4059,4844,1
4059,5499,1
4059,598,1
4059,8,1
4060,4087,1
4060,62,1
407,408,1
407,409,1
407,411,1
407,412,1
407,414,1
4070,4510,1
4070,5183,1
4070,5197,1
4070,5229,1
4070,5284,1
4070,5444,2
4070,5468,1
4070,555,1
4070,582,1
4070,781,1
4074,5531,1
408,409,1
408,411,1
408,412,1
408,414,1
4080,4836,1
4084,4115,1
4084,627,1
4084,93,1
4085,461,1
4087,62,1
409,411,1
409,412,1
409,414,1
409,43,1
409,430,1
409,4383,1
409,4484,1
409,4557,1
409,46,1
409,5000,1
409,504,1
409,5137,1
409,518,1
409,5199,1
409,5206,1
409,5226,1
409,5261,1
409,5328,1
409,5365,2
409,5372,2
409,5373,1
409,5385,1
409,5412,1
409,555,2
409,568,2
409,598,3
409,617,2
409,62,1
409,620,1
409,645,1
409,683,1
409,687,1
409,735,1
409,748,1
409,756,1
409,76,3
409,8,1
409,805,2
409,96,1
4095,4844,1
4095,831,1
4098,4484,1
4098,4654,1
4098,4957,1
4098,4999,1
4098,5025,1
4098,5490,1
4098,580,2
4098,686,1
4098,825,1
4105,4124,1
411,412,1
411,414,1
4115,627,1
4115,93,1
4116,4119,1
4116,598,1
412,414,1
4136,4212,1
4136,5026,1
4136,555,1
4136,665,1
4136,764,1
4136,770,1
4139,4375,1
4139,6,1
4147,5517,1
415,94,1
4153,6,1
4154,5161,1
4154,579,1
4154,621,1
417,43,1
418,419,1
418,671,1
418,8,1
4185,4400,2
4185,5064,1
4185,5068,1
4185,6,1
4185,620,1
4189,4336,1
4189,4580,1
4189,4616,1
4189,5496,1
4189,5497,1
4189,5519,1
4189,555,1
4189,759,1
419,4484,3
419,4494,1
419,4572,1
419,4624,3
419,5046,4
419,5107,1
419,5144,1
419,5309,3
419,5316,3
419,5374,2
419,5378,3
419,598,3
419,8,1
4192,583,1
4196,4516,1
4196,560,1
4196,607,1
4196,62,1
4196,636,1
4196,684,1
4196,773,1
4197,4983,1
4197,5004,1
4197,5130,1
4197,5153,1
4197,5185,1
4197,5264,1
4197,5463,1
4197,551,1
4197,553,1
4197,682,1
4197,795,1
42,518,2
42,680,3
42,699,1
42,751,2
4204,4420,1
4204,4568,1
4204,542,1
4206,4568,1
4206,4587,1
4206,4932,1
4206,4946,1
4206,4951,1
4206,5045,1
4206,5092,1
4206,5103,1
4206,5104,1
4206,5192,1
4206,5194,1
4206,5202,1
4206,5203,1
4206,5242,1
4206,5247,1
4206,5261,2
4206,5264,1
4206,5265,1
4206,5270,1
4206,5278,1
4206,5283,1
4206,5300,1
4206,5341,1
4206,5416,1
4206,5445,1
4206,5450,1
4206,5458,1
4206,5461,1
4206,771,1
4206,780,1
4206,788,1
4206,795,1
4206,809,1
4211,5483,2
4211,562,2
4212,432,1
4212,4336,1
4212,46,1
4212,5285,1
4212,5294,1
4212,5422,1
4212,5425,1
4212,5430,2
4212,5519,2
4212,5520,2
4212,5521,2
4212,5522,2
4212,5523,2
4212,5524,2
4212,5525,1
4212,555,2
4212,631,1
4212,679,1
4212,7,1
4212,770,1
4214,5581,1
4214,795,1
4215,430,1
422,4419,1
422,46,1
422,5080,1
422,5127,1
422,5367,2
422,781,1
423,424,1
425,426,1
425,427,1
426,427,1
427,46,1
43,510,1
43,76,1
430,432,1
430,4322,1
430,440,1
430,441,1
430,4413,1
430,4557,1
430,4597,1
430,4651,1
430,5273,1
430,5537,1
430,560,3
430,562,1
430,583,3
430,6,1
430,617,2
430,62,3
430,620,3
430,625,1
430,631,1
430,673,2
430,680,1
430,687,1
430,701,1
430,737,1
430,748,1
430,752,1
430,79,1
430,96,1
4313,446,1
4313,452,1
4313,453,1
4313,454,1
4313,496,1
4313,497,2
4313,498,1
4313,502,1
4313,503,1
4313,505,1
4313,62,1
4313,678,1
4313,700,1
4313,96,1
4316,645,1
4316,681,1
432,444,1
432,445,1
432,46,1
432,4778,1
432,4844,1
432,5205,1
432,5277,1
432,5422,2
432,62,4
432,631,1
432,679,1
432,700,1
432,729,2
432,8,1
4321,514,1
4322,4323,2
4325,4326,1
4325,442,1
4325,443,1
4325,680,1
4326,442,1
4326,443,1
4326,680,1
4330,583,1
4332,680,1
4332,74,1
4336,4556,1
4336,4559,1
4336,4568,1
4336,4570,1
4336,4597,1
4336,46,2
4336,4624,1
4336,4844,1
4336,4940,8
4336,4955,1
4336,4964,1
4336,4966,2
4336,4992,1
4336,5011,1
4336,5041,1
4336,5056,1
4336,5059,1
4336,5110,4
4336,5116,1
4336,5195,1
4336,5209,1
4336,5210,1
4336,5241,1
4336,5264,2
4336,5267,1
4336,5292,4
4336,5295,1
4336,5300,2
4336,5316,1
4336,5330,2
4336,5336,1
4336,5341,1
4336,5343,1
4336,5344,1
4336,5346,2
4336,5347,1
4336,5349,1
4336,5352,1
4336,5353,1
4336,5362,1
4336,5365,1
4336,5377,2
4336,5381,1
4336,5430,1
4336,5458,1
4336,5459,1
4336,5461,2
4336,5465,1
4336,5478,1
4336,5499,1
4336,5518,1
4336,5519,1
4336,555,1
4336,598,2
4336,606,1
4336,608,1
4336,62,2
4336,642,1
4336,682,1
4336,722,1
4336,728,1
4336,769,1
4336,780,2
4336,781,1
4336,784,1
4336,788,1
4336,795,2
4336,8,6
4336,831,2
4336,959,1
4337,6,1
4338,671,1
4339,454,1
4339,671,2
4340,458,1
4340,671,1
4345,671,1
4346,5437,2
4346,685,4
4348,4357,1
4348,653,1
4349,4350,1
4349,4351,1
4349,671,1
4349,991,1
4350,4351,1
4350,671,1
4350,991,1
4351,671,1
4351,991,1
4355,46,1
4357,653,1
4358,5398,1
4358,5504,1
4358,5505,1
4358,5506,1
4358,5507,1
4363,593,1
4363,8,1
4364,5546,2
4364,5547,2
4364,5559,1
4366,959,1
4368,5579,1
437,438,1
437,439,1
4371,680,1
4373,680,1
4375,4380,1
4375,4386,2
4375,4387,1
4375,450,1
4375,4716,2
4375,4727,1
4375,4728,2
4375,4748,1
4375,4749,1
4375,4773,1
4375,4774,1
4375,4780,1
4375,4782,1
4375,4783,1
4375,4795,1
4375,4796,1
4375,5599,1
4375,5600,1
4375,581,1
4375,6,1
4376,62,1
4376,93,1
4376,962,1
4377,46,1
4377,5131,1
4377,5285,1
4377,682,1
4378,4740,1
4378,96,1
438,439,1
4381,555,1
4381,710,1
4381,821,1
4381,93,1
4383,5365,1
4383,76,1
4386,4387,1
439,62,1
439,671,1
4392,831,1
440,441,1
4407,4413,1
4411,4416,5
4411,4557,5
4411,4844,5
4411,5355,5
4412,756,1
4413,4558,1
4413,4604,1
4413,562,1
4413,62,1
4413,673,1
4416,4557,5
4416,4844,5
4416,5355,5
4416,8,1
4417,4598,1
4417,5276,1
4417,5359,1
4417,940,1
4418,5538,1
4418,5539,1
4418,5540,1
4418,5541,1
4419,4836,1
4419,5369,2
4419,542,1
4419,751,1
442,443,1
442,680,1
4420,4510,2
4420,4826,1
4420,4991,1
4420,4993,1
4420,5001,1
4420,5024,1
4420,5047,1
4420,5094,1
4420,5167,1
4420,5304,1
4420,5316,1
4420,5358,1
4420,5361,2
4420,542,1
4420,5482,1
4420,555,3
4420,5554,1
4420,5555,1
4420,5556,1
4420,565,2
4420,6,3
4420,620,1
4420,665,1
4420,680,1
4420,759,1
4420,788,2
4420,795,1
4420,8,1
443,680,1
444,445,1
444,46,1
445,46,1
447,448,1
447,62,1
448,62,1
4484,4572,1
4484,4654,1
4484,4957,1
4484,4999,1
4484,5025,1
4484,5107,1
4484,5144,1
4484,580,1
4484,598,1
449,450,1
4490,5491,1
4490,5492,1
4494,4624,1
4494,5046,1
4494,5309,1
4494,5316,1
4494,5378,1
4494,598,1
450,4748,1
4504,5549,1
4504,5550,1
4507,617,1
451,460,1
4510,4991,1
4510,5271,1
4510,5448,1
4510,555,2
4510,6,4
4510,788,4
4516,621,1
4516,759,3
4516,797,1
4518,5486,1
4518,7,1
4518,795,1
452,453,1
452,454,1
452,493,1
452,494,1
453,454,1
4534,4865,1
4534,617,1
4534,764,1
4534,770,1
4534,788,1
4537,5178,1
4537,5223,1
4537,5366,1
4537,5531,1
4537,598,1
4537,792,1
454,671,1
4544,4727,1
4544,4850,1
4544,5547,1
4544,5555,1
4544,5569,1
4544,5570,1
4544,5571,1
4544,5572,1
4544,5573,1
4544,5574,1
4544,5575,1
4544,5576,1
4544,565,1
4544,940,1
4545,4997,3
4545,5118,5
4545,5293,1
4545,5419,3
4545,5445,1
4545,5454,1
4546,4721,1
4546,4965,1
4546,5078,1
4546,5155,1
4546,5249,1
4546,5252,1
4546,5314,1
4546,5342,1
4546,5408,1
4546,5432,1
4546,5441,1
4546,5450,5
4546,5460,1
4546,6,1
4546,771,1
4546,788,3
4555,4974,2
4555,5334,2
4555,5337,2
4555,5348,1
4555,5352,2
4556,4933,1
4556,4936,2
4556,5117,1
4556,5346,1
4556,790,3
4556,791,1
4556,8,2
4557,4844,5
4557,5021,2
4557,5355,5
4557,5452,1
4557,617,1
4557,687,1
4557,748,1
4558,4559,1
4558,8,2
4559,4721,1
4559,4944,1
4559,5017,1
4559,5027,1
4559,5115,1
4559,5129,1
4559,5170,1
4559,5172,1
4559,5173,1
4559,5177,1
4559,5182,1
4559,5186,1
4559,5208,1
4559,5301,1
4559,5316,1
4559,5317,1
4559,5323,1
4559,5324,1
4559,5341,1
4559,5345,1
4559,5347,1
4559,5370,1
4559,5389,1
4559,5403,1
4559,5414,1
4559,5431,1
4559,5589,1
4559,621,2
4559,764,1
4559,795,1
4559,8,2
456,457,3
4568,4844,1
4568,4860,1
4568,4932,1
4568,4940,1
4568,4946,1
4568,4951,1
4568,4964,1
4568,4966,1
4568,5045,1
4568,5056,1
4568,5092,1
4568,5104,1
4568,5192,1
4568,5194,1
4568,5195,1
4568,5202,1
4568,5203,1
4568,5241,1
4568,5242,1
4568,5264,1
4568,5265,1
4568,5278,1
4568,5283,1
4568,5300,2
4568,5316,1
4568,5330,1
4568,5341,2
4568,5343,1
4568,5344,1
4568,5365,1
4568,5377,1
4568,5458,1
4568,5461,2
4568,62,1
4568,771,1
4568,779,1
4568,780,2
4568,788,1
4568,795,2
4568,8,1
4568,809,1
4570,5152,1
4570,5335,1
4570,5376,1
4570,562,1
4570,62,1
4570,642,1
4570,728,1
4570,8,2
4572,5107,1
4572,5144,1
4573,5014,1
4573,5487,1
4573,682,1
4577,5315,1
4577,560,1
4577,606,1
4579,6,1
4579,615,1
458,671,2
4580,46,1
4580,4847,3
4580,598,1
4580,8,4
4581,701,1
4583,4634,1
4587,5103,1
4587,5247,1
4587,5261,1
4587,5270,1
4587,5402,1
4587,5416,1
4587,5445,1
4587,555,1
4588,560,1
459,6,1
4591,4651,1
4597,4624,1
4597,4774,1
4597,542,1
4597,5584,1
4597,598,3
4597,625,1
4597,79,2
4597,792,1
4597,8,2
4597,940,1
4598,5276,1
4598,5359,1
46,4789,1
46,4790,1
46,5023,1
46,5074,1
46,5090,1
46,5121,1
46,5146,1
46,5169,1
46,5193,1
46,5206,1
46,5222,1
46,5249,1
46,5404,1
46,5509,1
46,555,1
46,780,1
46,781,1
4604,4687,1
4604,5124,1
4604,5310,1
4606,4624,1
4616,555,1
4616,759,1
462,463,1
462,488,1
4624,5046,3
4624,5309,3
4624,5316,3
4624,5374,2
4624,5378,3
4624,598,4
4625,5598,1
4628,4997,1
4628,5118,3
4628,5313,2
463,488,1
4632,5208,1
4632,5422,1
4632,5530,1
4632,555,1
4632,5564,1
4632,5565,1
4632,5566,1
4632,5567,1
4632,5568,1
4632,8,1
4633,5288,1
4633,5462,1
4633,92,1
464,465,1
4650,4860,1
4651,5531,1
4651,560,1
4654,4957,1
4654,4999,1
4654,5025,1
4654,580,1
4677,5492,1
468,5543,1
4687,5310,1
469,470,1
469,471,1
469,472,1
469,8,1
4692,8,1
4692,801,1
471,472,1
4721,4944,1
4721,5017,1
4721,5027,1
4721,5129,1
4721,5170,1
4721,5172,1
4721,5173,1
4721,5177,1
4721,5182,1
4721,5186,1
4721,5208,1
4721,5249,1
4721,5301,1
4721,5316,1
4721,5317,1
4721,5323,1
4721,5324,1
4721,5370,1
4721,5403,1
4721,5414,1
4721,5431,1
4721,788,1
4721,795,1
4727,4728,1
4727,4850,1
4727,5547,1
4727,5555,1
4727,5569,1
4727,5570,1
4727,5571,1
4727,5572,1
4727,5573,1
4727,5574,1
4727,5575,1
4727,5576,1
4727,565,1
4727,940,1
4728,4774,1
474,475,1
4751,4752,1
4751,4753,1
4752,4753,1
4756,5232,1
4756,5235,1
4756,5236,1
4756,5264,1
4756,5410,1
4756,5466,1
476,484,1
476,485,1
476,486,1
4761,560,1
4761,713,1
4761,816,1
4767,4768,1
477,6,1
4774,5543,1
4774,5544,1
4774,5545,1
4774,598,1
478,479,3
478,480,1
478,481,3
478,482,2
478,483,3
4780,4782,1
4780,4783,1
4782,4783,1
4789,4790,1
479,480,1
479,481,3
479,482,2
479,483,3
4792,711,1
4795,4796,1
480,481,1
480,482,1
480,483,1
481,482,2
481,483,3
482,483,2
4826,4993,1
4826,5024,1
4826,5094,1
4826,5304,1
4826,5316,1
4826,5358,1
4826,5361,1
4826,565,1
4826,795,1
4826,8,1
4836,542,1
4836,788,1
484,485,1
484,486,1
4844,5355,5
4844,5499,1
4844,560,1
4844,564,1
4844,598,1
4844,62,2
4844,728,1
4844,8,2
4844,831,1
4845,5102,1
4845,5239,1
4845,5285,1
4845,5455,1
4845,5473,1
4847,5562,1
4847,5563,1
4847,8,2
485,486,1
4850,5547,1
4850,5555,1
4850,5569,1
4850,5570,1
4850,5571,1
4850,5572,1
4850,5573,1
4850,5574,1
4850,5575,1
4850,5576,1
4850,565,1
4850,940,1
4860,4865,1
4860,5026,2
4860,5357,1
4860,620,1
4860,627,2
4860,631,1
4860,836,1
4865,5514,1
4865,764,1
4865,770,1
4865,788,1
489,79,1
493,494,1
4932,4946,1
4932,4951,1
4932,5045,1
4932,5081,1
4932,5083,1
4932,5092,1
4932,5104,1
4932,5142,3
4932,5192,1
4932,5194,1
4932,5202,1
4932,5203,1
4932,5242,1
4932,5265,1
4932,5278,1
4932,5283,1
4932,5300,1
4932,5341,1
4932,5380,1
4932,5411,1
4932,5458,1
4932,5461,1
4932,771,1
4932,780,1
4932,788,1
4932,795,1
4932,809,1
4934,638,1
4935,5079,1
4935,5339,1
4935,8,1
4936,790,4
4936,791,1
4937,5141,1
4937,5237,1
4937,5424,1
4937,5444,1
4938,5028,2
4938,551,1
4939,5299,2
4939,5300,1
4939,5329,1
4939,5375,1
494,62,1
4940,4964,1
4940,4966,2
4940,5056,1
4940,5195,1
4940,5241,1
4940,5264,2
4940,5292,2
4940,5300,2
4940,5316,1
4940,5330,2
4940,5341,1
4940,5343,1
4940,5344,1
4940,5349,1
4940,5365,1
4940,5377,2
4940,5461,2
4940,62,2
4940,780,2
4940,788,1
4940,795,2
4940,8,2
4941,682,1
4942,4959,1
4942,620,1
4943,4958,1
4943,6,1
4944,5017,1
4944,5027,1
4944,5054,1
4944,5129,1
4944,5157,1
4944,5170,1
4944,5172,1
4944,5173,1
4944,5177,1
4944,5182,1
4944,5186,1
4944,5208,1
4944,5301,1
4944,5316,1
4944,5317,1
4944,5323,1
4944,5324,1
4944,5370,1
4944,5403,1
4944,5414,1
4944,5431,1
4944,795,1
4945,62,2
4945,788,2
4946,4951,1
4946,5045,1
4946,5092,1
4946,5104,1
4946,5192,1
4946,5194,1
4946,5202,1
4946,5203,1
4946,5242,1
4946,5265,1
4946,5278,1
4946,5283,1
4946,5300,1
4946,5341,1
4946,5458,1
4946,5461,1
4946,771,1
4946,780,1
4946,788,1
4946,795,1
4946,809,1
4947,5277,1
4948,5040,1
4948,5265,5
4949,776,1
4950,5279,1
4950,789,1
4951,5045,1
4951,5092,1
4951,5104,1
4951,5192,1
4951,5194,1
4951,5202,1
4951,5203,1
4951,5242,1
4951,5265,1
4951,5278,1
4951,5283,1
4951,5300,1
4951,5341,1
4951,5458,1
4951,5461,1
4951,771,1
4951,780,1
4951,788,1
4951,795,1
4951,809,1
4953,5029,1
4954,682,1
4955,5292,1
4956,5067,1
4956,5350,1
4956,5453,1
4956,564,1
4957,4999,1
4957,5025,1
4957,580,1
4958,6,1
4959,620,1
496,497,1
496,498,1
496,5500,1
496,5501,1
496,608,1
496,631,1
4960,617,1
4961,5123,1
4961,5305,1
4961,598,1
4962,6,1
4964,4966,1
4964,5056,1
4964,5195,1
4964,5241,1
4964,5264,1
4964,5300,1
4964,5316,1
4964,5330,1
4964,5341,1
4964,5343,1
4964,5344,1
4964,5365,1
4964,5377,1
4964,5461,1
4964,62,1
4964,780,1
4964,795,1
4964,8,1
4965,5078,1
4965,5155,1
4965,5314,1
4965,5408,1
4965,5432,1
4965,5441,1
4965,5450,1
4965,771,1
4965,788,1
4966,5056,1
4966,5195,1
4966,5241,1
4966,5264,2
4966,5300,3
4966,5316,2
4966,5330,3
4966,5341,1
4966,5343,2
4966,5344,2
4966,5349,1
4966,5365,1
4966,5377,2
4966,5461,2
4966,62,3
4966,780,3
4966,788,2
4966,795,3
4966,8,3
4967,5036,1
4967,5092,1
4967,5264,1
4967,5410,1
497,498,1
4970,776,1
4971,5363,1
4971,5400,1
4971,5458,1
4972,770,1
4974,5334,2
4974,5337,2
4974,5348,1
4974,5352,2
4975,5149,3
4976,5084,1
4976,62,1
4977,5082,1
4977,5088,1
4977,617,1
4982,5132,1
4982,5225,1
4982,5463,1
4982,682,1
4983,5004,1
4983,5130,1
4983,5153,1
4983,5264,1
4983,5463,1
4983,682,1
4983,795,1
4985,5272,1
4986,5019,1
4986,5027,1
4986,5053,1
4986,5062,1
4986,5074,1
4986,682,1
4988,640,1
4988,756,1
4989,5089,1
4989,5218,1
4989,5379,2
4989,5397,1
4991,555,1
4991,6,1
4991,788,1
4992,5209,1
4992,5210,1
4992,5267,1
4992,5336,1
4992,5346,1
4992,5381,1
4992,5459,1
4992,5478,1
4992,781,1
4992,784,1
4992,8,1
4993,5024,1
4993,5091,1
4993,5094,1
4993,5304,1
4993,5316,1
4993,5358,1
4993,5361,1
4993,565,1
4993,795,1
4993,8,1
4993,805,1
4994,620,1
4994,8,1
4995,62,1
4996,551,1
4997,5118,4
4997,5293,1
4997,5419,2
4997,5445,1
4997,5454,1
4999,5025,1
4999,5415,1
4999,5426,1
4999,580,1
500,501,1
5000,5137,1
5000,518,1
5000,5328,1
5000,5412,1
5000,555,1
5000,683,1
5000,756,1
5000,805,1
5001,5047,1
5002,5121,1
5004,5130,1
5004,5153,1
5004,5264,1
5004,5463,1
5004,682,1
5004,795,1
5005,5006,1
5005,5035,1
5005,5231,1
5005,5250,1
5006,5035,1
5006,5231,1
5006,5250,1
5009,5065,1
5010,617,1
5011,5041,1
5012,5111,1
5012,5333,1
5014,5134,1
5014,5154,1
5014,5221,1
5014,5223,1
5014,5238,1
5014,5248,1
5014,5264,2
5014,5331,1
5014,5487,1
5014,682,1
5014,770,1
5015,5264,1
5017,5027,1
5017,5129,1
5017,5170,1
5017,5171,1
5017,5172,1
5017,5173,1
5017,5177,1
5017,5182,1
5017,5186,1
5017,5208,1
5017,5301,1
5017,5316,1
5017,5317,1
5017,5323,1
5017,5324,1
5017,5370,1
5017,5403,1
5017,5414,1
5017,5431,1
5017,795,1
5018,5077,1
5018,682,1
5019,5027,1
5019,5053,1
5019,5062,1
5019,5074,1
5019,682,1
5019,787,2
5019,827,2
5021,5452,1
5023,5222,1
5023,5404,1
5024,5094,1
5024,5304,1
5024,5316,1
5024,5358,1
5024,5361,1
5024,565,1
5024,795,1
5024,8,1
5025,5275,1
5025,580,1
5025,598,1
5026,551,1
5026,583,1
5026,62,1
5026,627,1
5026,680,1
5027,5053,1
5027,5062,1
5027,5074,1
5027,5129,1
5027,5170,1
5027,5172,1
5027,5173,1
5027,5177,1
5027,5182,1
5027,5186,1
5027,5208,1
5027,5301,1
5027,5316,1
5027,5317,1
5027,5323,1
5027,5324,1
5027,5370,1
5027,5403,1
5027,5414,1
5027,5431,1
5027,682,1
5027,795,1
5028,5113,1
5028,551,2
5029,5088,2
5029,5316,2
5029,6,2
503,505,1
5030,680,1
5032,555,1
5032,620,1
5034,789,1
5034,791,1
5035,5231,1
5035,5250,1
5036,5092,1
5036,5264,1
5036,5410,1
5037,5097,2
5039,5290,1
5039,5450,1
504,617,1
504,645,1
504,735,1
504,96,1
5040,5265,1
5042,62,1
5045,5092,1
5045,5104,1
5045,5192,1
5045,5194,1
5045,5202,1
5045,5203,1
5045,5242,1
5045,5265,1
5045,5278,1
5045,5283,1
5045,5300,1
5045,5341,1
5045,5458,1
5045,5461,1
5045,771,1
5045,780,1
5045,788,1
5045,795,1
5045,809,1
5046,5309,3
5046,5316,3
5046,5374,2
5046,5378,3
5046,598,3
5049,5121,1
5049,5259,1
5049,792,1
5049,8,1
5049,831,1
5050,5306,1
5050,5339,1
5051,5174,1
5051,5287,1
5051,5352,1
5051,5464,1
5053,5062,1
5053,5074,1
5053,682,1
5054,5157,1
5054,5264,1
5054,766,1
5055,5075,1
5055,5200,1
5055,5440,1
5055,5447,1
5055,5453,1
5055,614,1
5055,788,1
5056,5195,1
5056,5241,1
5056,5264,1
5056,5300,1
5056,5316,1
5056,5330,1
5056,5341,1
5056,5343,1
5056,5344,1
5056,5365,1
5056,5377,1
5056,5461,1
5056,62,1
5056,780,1
5056,795,1
5056,8,1
5058,5342,1
5058,8,1
5059,5116,1
5059,831,1
5061,5191,1
5061,62,1
5061,620,1
5062,5074,1
5062,682,1
5063,620,1
5064,5068,2
5064,748,1
5066,5339,1
5066,8,1
5067,5350,1
5067,5453,1
5067,564,1
5068,748,1
507,515,1
507,516,1
5070,5340,1
5071,681,2
5072,5183,1
5073,5273,1
5074,5169,1
5074,5193,1
5074,5249,1
5074,5428,1
5074,598,1
5074,682,1
5074,776,1
5074,792,1
5075,5200,1
5075,5440,1
5075,5447,1
5075,5453,1
5075,614,1
5075,788,1
5076,5228,1
5077,682,1
5078,5155,1
5078,5314,1
5078,5408,1
5078,5432,1
5078,5441,1
5078,5450,1
5078,771,1
5078,788,1
5079,5339,1
5079,8,1
5082,5088,2
5082,6,1
5082,617,2
5083,5142,1
5084,62,1
5085,5207,1
5085,5356,1
5085,756,1
5086,5449,1
5087,5159,1
5087,5270,1
5087,5453,2
5087,776,1
5088,5316,2
5088,6,3
5088,617,2
5089,5218,1
5089,5379,1
5089,5397,1
5092,5104,1
5092,5192,1
5092,5194,1
5092,5202,1
5092,5203,1
5092,5242,1
5092,5264,1
5092,5265,1
5092,5278,1
5092,5283,1
5092,5300,1
5092,5341,1
5092,5410,1
5092,5458,1
5092,5461,1
5092,771,1
5092,780,1
5092,788,1
5092,795,1
5092,809,1
5094,5304,1
5094,5316,1
5094,5358,1
5094,5361,1
5094,565,1
5094,795,1
5094,8,1
5095,5097,1
5096,5196,1
5096,5386,1
5096,5387,1
5096,5391,1
5096,5392,1
5096,5393,1
5096,5395,1
5096,555,1
5097,5101,1
5097,5180,1
5097,5421,1
5097,8,1
5098,5106,1
5098,5141,1
5098,5176,1
5098,5197,1
5098,5233,1
5098,5326,1
5098,5407,1
5098,5424,1
5098,5444,1
5098,5468,1
5098,794,1
5098,795,1
5099,5212,1
5100,5148,1
5100,5420,1
5100,5457,1
5100,555,3
5101,5421,1
5101,8,1
5102,5239,1
5102,5285,1
5102,5455,1
5102,5473,1
5103,5247,1
5103,5261,1
5103,5264,1
5103,5270,1
5103,5416,1
5103,5445,1
5103,5446,1
5104,5192,1
5104,5194,1
5104,5202,1
5104,5203,1
5104,5242,1
5104,5265,1
5104,5278,1
5104,5283,1
5104,5300,1
5104,5341,1
5104,5458,1
5104,5461,1
5104,771,1
5104,780,1
5104,788,1
5104,795,1
5104,809,1
5105,620,2
5106,5326,1
5106,794,1
5106,795,1
5107,5144,1
5108,564,1
5110,5292,1
5111,5333,1
5113,551,1
5114,5118,1
5114,5313,1
5115,5341,1
5115,5345,1
5115,5347,1
5115,5389,1
5116,831,1
5117,8,1
5118,5293,1
5118,5313,3
5118,5419,3
5118,5445,1
5118,5454,1
5121,5266,1
5121,5509,1
5121,62,1
5121,8,2
5122,5297,1
5122,5355,1
5122,5360,1
5122,614,1
5122,986,1
5123,5305,1
5123,5527,1
5123,598,1
5126,5246,1
5126,597,1
5128,5136,1
5128,5226,1
5128,5383,1
5128,771,1
5128,773,1
5129,5170,1
5129,5172,1
5129,5173,1
5129,5177,1
5129,5182,1
5129,5186,1
5129,5208,1
5129,5301,1
5129,5316,1
5129,5317,1
5129,5323,1
5129,5324,1
5129,5370,1
5129,5403,1
5129,5414,1
5129,5431,1
5129,795,1
513,514,1
5130,5153,1
5130,5264,1
5130,5463,1
5130,682,1
5130,795,1
5131,682,1
5132,5225,1
5132,5463,1
5132,682,1
5134,5202,1
5134,5223,1
5134,5264,1
5134,5331,1
5135,5441,1
5135,771,1
5135,788,1
5136,5181,1
5136,5226,1
5136,5360,1
5136,5383,1
5136,5423,1
5136,771,1
5136,773,1
5136,788,1
5137,518,1
5137,5328,1
5137,5412,1
5137,555,1
5137,683,1
5137,756,1
5137,805,1
5140,5164,1
5140,5264,1
5140,805,1
5141,5176,1
5141,5197,4
5141,5233,4
5141,5237,1
5141,5407,1
5141,5424,5
5141,5444,5
5141,5468,2
5142,5380,1
5147,5161,1
5148,5420,1
5148,5457,1
5148,555,1
515,516,1
5150,5151,1
5152,5335,1
5152,8,1
5153,5264,1
5153,5463,1
5153,682,1
5153,795,1
5154,5221,1
5154,5238,1
5154,5264,1
5154,5523,1
5155,5314,1
5155,5408,1
5155,5432,1
5155,5441,1
5155,5450,1
5155,771,1
5155,788,1
5156,5201,1
5158,5161,1
5158,5234,1
5159,5270,1
5159,5453,1
5159,5472,1
5159,568,1
5159,776,1
5160,62,1
5161,5217,1
5161,5234,1
5162,5258,1
5162,5298,1
5162,5443,1
5162,598,1
5162,769,1
5163,553,1
5163,62,1
5164,5257,1
5164,5264,4
5164,805,1
5166,5327,1
5166,5375,1
5167,5316,1
5167,5361,1
5167,5554,1
5167,5555,1
5167,5556,1
5167,565,1
5167,680,1
5167,759,1
5167,788,1
5167,8,1
5169,5193,1
5169,5249,1
5170,5172,1
5170,5173,1
5170,5177,1
5170,5182,1
5170,5186,1
5170,5208,1
5170,5301,1
5170,5316,1
5170,5317,1
5170,5323,1
5170,5324,1
5170,5370,1
5170,5403,1
5170,5414,1
5170,5431,1
5170,795,1
5172,5173,1
5172,5177,1
5172,5182,1
5172,5186,1
5172,5208,1
5172,5301,1
5172,5316,1
5172,5317,1
5172,5323,1
5172,5324,1
5172,5370,1
5172,5403,1
5172,5414,1
5172,5431,1
5172,795,1
5173,5177,1
5173,5182,1
5173,5186,1
5173,5208,1
5173,5301,1
5173,5316,1
5173,5317,1
5173,5323,1
5173,5324,1
5173,5370,1
5173,5403,1
5173,5414,1
5173,5431,1
5173,795,1
5174,5287,1
5174,5352,1
5174,5464,1
5176,5197,1
5176,5233,1
5176,5407,1
5176,5424,1
5176,5444,1
5176,5468,1
5177,5182,1
5177,5186,1
5177,5208,1
5177,5301,1
5177,5316,1
5177,5317,1
5177,5323,1
5177,5324,1
5177,5370,1
5177,5403,1
5177,5414,1
5177,5431,1
5177,795,1
5178,5223,1
5178,5366,1
5179,5475,1
518,5328,1
518,5412,1
518,551,1
518,555,1
518,560,1
518,606,1
518,680,1
518,681,1
518,683,1
518,756,1
518,805,1
5181,788,1
5182,5186,1
5182,5208,1
5182,5301,1
5182,5316,1
5182,5317,1
5182,5323,1
5182,5324,1
5182,5370,1
5182,5403,1
5182,5414,1
5182,5431,1
5182,795,1
5183,5188,3
5183,6,1
5184,5277,1
5184,785,1
5184,788,1
5186,5208,1
5186,5301,1
5186,5316,1
5186,5317,1
5186,5323,1
5186,5324,1
5186,5370,1
5186,5403,1
5186,5414,1
5186,5431,1
5186,795,1
5187,5427,1
5189,5399,1
5190,5441,1
5190,771,1
5191,5211,1
5191,62,1
5191,620,1
5191,788,1
5192,5194,1
5192,5202,1
5192,5203,1
5192,5242,1
5192,5265,1
5192,5278,1
5192,5283,1
5192,5300,1
5192,5341,1
5192,5458,1
5192,5461,1
5192,771,1
5192,780,1
5192,788,1
5192,795,1
5192,809,1
5193,5249,1
5194,5202,1
5194,5203,1
5194,5242,1
5194,5265,1
5194,5278,1
5194,5283,1
5194,5300,1
5194,5341,1
5194,5458,1
5194,5461,1
5194,771,1
5194,780,1
5194,788,1
5194,795,1
5194,809,1
5195,5241,1
5195,5264,1
5195,5300,1
5195,5316,1
5195,5330,1
5195,5341,1
5195,5343,1
5195,5344,1
5195,5365,1
5195,5377,1
5195,5461,1
5195,62,1
5195,780,1
5195,795,1
5195,8,1
5196,5386,1
5196,5387,1
5196,5391,1
5196,5392,1
5196,5393,1
5196,5395,1
5196,555,1
5197,5229,1
5197,5233,4
5197,5407,1
5197,5424,5
5197,5444,5
5197,5468,3
5197,555,1
5197,781,1
5198,5422,1
5198,682,1
5198,776,1
5199,5373,1
5200,5440,1
5200,5447,1
5200,5453,1
5200,614,1
5200,788,1
5202,5203,1
5202,5217,1
5202,5242,1
5202,5264,2
5202,5265,1
5202,5278,1
5202,5283,1
5202,5300,1
5202,5341,1
5202,5458,1
5202,5461,1
5202,771,1
5202,780,1
5202,788,2
5202,795,1
5202,809,1
5203,5242,1
5203,5265,1
5203,5278,1
5203,5283,1
5203,5300,1
5203,5341,1
5203,5458,1
5203,5461,1
5203,771,1
5203,780,1
5203,788,1
5203,795,1
5203,809,1
5206,62,2
5207,5356,1
5207,756,1
5208,5301,1
5208,5316,1
5208,5317,1
5208,5323,1
5208,5324,1
5208,5370,1
5208,5403,1
5208,5414,1
5208,5422,1
5208,5431,1
5208,5530,1
5208,555,1
5208,5564,1
5208,5565,1
5208,5566,1
5208,5567,1
5208,5568,1
5208,795,1
5209,5210,1
5209,5267,1
5209,5336,1
5209,5346,1
5209,5381,1
5209,5459,1
5209,5478,1
5209,781,1
5209,784,1
5209,8,1
5210,5267,1
5210,5336,1
5210,5346,1
5210,5381,1
5210,5459,1
5210,5478,1
5210,781,1
5210,784,1
5210,8,1
5211,788,1
5213,5409,1
5215,5244,1
5216,555,1
5217,5264,1
5217,788,1
5218,5379,1
5218,5397,1
5220,5289,1
5220,791,1
5221,5238,1
5221,5264,1
5221,5342,1
5221,6,4
5222,5404,1
5223,5331,1
5223,5366,1
5225,5463,1
5225,682,1
5226,5261,1
5226,5383,1
5226,771,1
5226,773,1
5226,805,1
5229,5444,1
5229,5468,1
5229,555,1
5229,781,1
5230,5422,2
5230,682,2
5230,940,2
5231,5250,1
5232,5235,2
5232,5236,2
5232,5264,2
5232,5410,2
5232,5466,2
5233,5407,1
5233,5424,4
5233,5444,4
5233,5468,2
5235,5236,2
5235,5264,2
5235,5410,2
5235,5466,2
5236,5264,2
5236,5410,2
5236,5466,2
5237,5424,1
5237,5444,1
5238,5264,1
5239,5285,1
5239,5455,1
5239,5473,1
5240,5282,1
5240,5330,1
5240,5354,1
5241,5264,1
5241,5300,1
5241,5316,1
5241,5330,1
5241,5341,1
5241,5343,1
5241,5344,1
5241,5365,1
5241,5377,1
5241,5461,1
5241,62,1
5241,780,1
5241,795,1
5241,8,1
5242,5265,1
5242,5278,1
5242,5283,1
5242,5300,1
5242,5341,1
5242,5458,1
5242,5461,1
5242,771,1
5242,780,1
5242,788,1
5242,795,1
5242,809,1
5246,597,1
5247,5261,1
5247,5270,1
5247,5416,1
5247,5445,1
5248,5264,5
5249,788,1
525,680,1
5252,5450,1
5254,5476,1
5256,789,1
5257,5264,1
5258,5298,1
5258,5443,1
5258,598,1
5258,769,1
5259,792,1
5259,831,1
5261,5264,2
5261,5270,1
5261,5416,1
5261,5445,1
5261,805,2
5263,5264,1
5264,5300,2
5264,5316,1
5264,5330,2
5264,5341,1
5264,5343,1
5264,5344,1
5264,5349,1
5264,5365,1
5264,5371,1
5264,5377,2
5264,5384,1
5264,5410,3
5264,5441,1
5264,5446,1
5264,5461,2
5264,5463,1
5264,5466,2
5264,62,2
5264,682,1
5264,766,1
5264,780,3
5264,788,2
5264,795,3
5264,8,2
5264,805,3
5265,5278,1
5265,5283,1
5265,5300,1
5265,5341,1
5265,5458,1
5265,5461,1
5265,771,1
5265,780,1
5265,788,1
5265,795,1
5265,809,1
5266,8,1
5267,5336,1
5267,5346,1
5267,5381,1
5267,5459,1
5267,5478,1
5267,781,1
5267,784,1
5267,8,1
5270,5416,1
5270,5445,1
5270,5453,1
5270,776,1
5272,583,1
5272,790,1
5274,62,1
5276,5302,1
5276,5359,1
5276,5469,1
5276,940,2
5277,760,1
5277,785,1
5277,788,1
5278,5283,1
5278,5300,1
5278,5341,1
5278,5458,1
5278,5461,1
5278,771,1
5278,780,1
5278,788,1
5278,795,1
5278,809,1
5279,789,2
5282,5330,1
5282,5354,1
5283,5300,1
5283,5341,1
5283,5458,2
5283,5461,1
5283,771,1
5283,780,1
5283,788,1
5283,795,1
5283,809,1
5284,582,1
5285,5294,1
5285,5455,1
5285,5473,1
5287,5352,1
5287,5464,1
5288,5462,1
5288,92,1
5290,5450,1
5293,5419,1
5293,5454,1
5295,5352,1
5295,728,1
5296,617,1
5297,5355,1
5297,5360,1
5297,614,1
5297,986,1
5298,5443,1
5298,598,1
5298,769,1
5299,5300,1
5299,5327,1
5299,5329,1
5299,5375,3
5300,5316,2
5300,5330,3
5300,5341,3
5300,5343,2
5300,5344,2
5300,5349,2
5300,5365,1
5300,5375,1
5300,5377,3
5300,5458,1
5300,5461,4
5300,62,3
5300,771,1
5300,780,5
5300,788,4
5300,795,5
5300,8,3
5300,809,1
5301,5316,1
5301,5317,1
5301,5323,1
5301,5324,1
5301,5370,1
5301,5403,1
5301,5414,1
5301,5431,1
5301,795,1
5302,5469,1
5302,940,1
5303,620,1
5304,5316,1
5304,5358,1
5304,5361,1
5304,565,1
5304,795,1
5304,8,1
5305,598,1
5306,5339,1
5307,5318,1
5307,5321,1
5309,5316,3
5309,5374,2
5309,5378,3
5309,598,3
5314,5408,1
5314,5432,1
5314,5441,1
5314,5450,1
5314,771,1
5314,788,1
5315,560,2
5315,606,3
5316,5317,1
5316,5323,1
5316,5324,1
5316,5330,2
5316,5341,1
5316,5343,2
5316,5344,2
5316,5358,1
5316,5361,1
5316,5365,1
5316,5370,1
5316,5374,2
5316,5377,1
5316,5378,3
5316,5403,1
5316,5414,1
5316,5431,1
5316,5461,1
5316,565,1
5316,598,3
5316,6,2
5316,62,2
5316,620,1
5316,756,1
5316,780,2
5316,788,2
5316,795,4
5316,8,4
5317,5323,1
5317,5324,1
5317,5370,1
5317,5403,1
5317,5414,1
5317,5431,1
5317,795,1
5318,5321,1
5318,742,1
5323,5324,1
5323,5370,1
5323,5403,1
5323,5414,1
5323,5431,1
5323,795,1
5324,5370,1
5324,5403,1
5324,5414,1
5324,5431,1
5324,795,1
5326,665,1
5326,794,1
5326,795,1
5327,5375,2
5328,5412,1
5328,555,1
5328,683,1
5328,756,1
5328,805,1
533,534,1
533,535,2
533,536,2
5330,5341,1
5330,5343,2
5330,5344,2
5330,5349,1
5330,5354,1
5330,5365,1
5330,5377,2
5330,5461,2
5330,62,3
5330,780,3
5330,788,2
5330,795,3
5330,8,5
5331,5338,1
5332,8,1
5333,8,1
5334,5337,2
5334,5348,1
5334,5352,2
5335,5342,1
5335,8,1
5335,831,1
5336,5346,1
5336,5381,1
5336,5459,1
5336,5478,1
5336,781,1
5336,784,1
5336,8,1
5337,5348,1
5337,5352,2
5338,5341,1
5338,5376,1
5339,5405,1
5339,8,3
534,535,1
534,536,1
5341,5343,1
5341,5344,1
5341,5345,1
5341,5347,1
5341,5349,1
5341,5365,1
5341,5376,1
5341,5377,2
5341,5389,1
5341,5458,1
5341,5461,3
5341,62,1
5341,771,1
5341,780,3
5341,788,2
5341,795,3
5341,8,1
5341,809,1
5342,5347,1
5342,6,1
5342,8,1
5343,5344,2
5343,5365,1
5343,5377,1
5343,5461,1
5343,62,2
5343,780,2
5343,788,1
5343,795,2
5343,8,2
5344,5365,1
5344,5377,1
5344,5461,1
5344,62,2
5344,780,2
5344,788,1
5344,795,2
5344,8,2
5345,5347,1
5345,5389,1
5346,5381,1
5346,5459,1
5346,5478,1
5346,781,1
5346,784,1
5346,8,1
5347,5365,1
5347,5389,1
5347,5502,2
5347,5503,2
5347,580,2
5348,5352,1
5349,5377,2
5349,5461,2
5349,62,1
5349,780,2
5349,788,3
5349,795,2
5349,8,1
5349,831,1
535,536,2
5350,5453,1
5350,564,1
5352,5464,1
5352,728,1
5355,5360,1
5355,614,1
5355,986,1
5356,756,1
5357,631,1
5358,5361,1
5358,565,1
5358,795,1
5358,8,1
5360,5423,1
5360,614,1
5360,986,1
5361,5554,1
5361,5555,1
5361,5556,1
5361,565,2
5361,620,1
5361,680,2
5361,759,1
5361,795,1
5361,8,1
5362,5430,1
5362,5458,1
5365,5377,1
5365,5461,1
5365,5502,1
5365,5503,1
5365,580,1
5365,62,2
5365,76,2
5365,780,1
5365,795,1
5365,8,1
5370,5403,1
5370,5414,1
5370,5431,1
5370,795,1
5374,5378,2
5374,598,2
5377,5461,3
5377,62,2
5377,780,3
5377,788,2
5377,795,3
5377,8,2
5378,598,3
5379,5397,1
5381,5459,1
5381,5478,1
5381,781,1
5381,784,1
5381,8,1
5382,583,1
5382,682,1
5383,771,1
5383,773,1
5386,5387,1
5386,5391,1
5386,5392,1
5386,5393,1
5386,5395,1
5386,555,1
5387,5391,1
5387,5392,1
5387,5393,1
5387,5395,1
5387,555,1
5388,5390,1
5391,5392,1
5391,5393,1
5391,5395,1
5391,555,1
5392,5393,1
5392,5395,1
5392,555,1
5393,5395,1
5393,555,1
5395,555,1
5398,5504,1
5398,5505,1
5398,5506,1
5398,5507,1
5398,62,1
5400,5458,1
5401,555,1
5401,789,1
5402,5441,1
5402,555,1
5402,620,1
5403,5414,1
5403,5431,1
5403,795,1
5405,8,1
5407,5424,1
5407,5444,1
5407,5468,1
5408,5432,1
5408,5441,1
5408,5450,1
5408,771,1
5408,788,1
5410,5466,2
5412,555,1
5412,683,1
5412,756,1
5412,805,1
5413,940,2
5414,5431,1
5414,795,1
5415,5426,1
5416,5445,1
5418,5439,1
5419,5445,1
5419,5454,1
542,598,1
542,759,1
542,795,1
542,940,1
5420,5457,1
5420,555,1
5421,8,1
5422,5530,1
5422,555,1
5422,5564,1
5422,5565,1
5422,5566,1
5422,5567,1
5422,5568,1
5422,631,1
5422,679,1
5422,682,3
5422,940,3
5423,560,1
5424,5444,5
5424,5468,2
5428,615,2
5430,5458,1
5430,5519,2
5430,5520,2
5430,5521,2
5430,5522,2
5430,5523,2
5430,5524,2
5430,5525,1
5431,795,1
5432,5441,1
5432,5450,1
5432,771,1
5432,788,1
5436,617,4
5437,685,2
5440,5447,1
5440,5453,1
5440,614,1
5440,788,1
5441,5450,1
5441,620,1
5441,771,4
5441,788,3
5443,598,1
5443,769,1
5444,5468,3
5444,555,1
5444,781,1
5447,5453,1
5447,614,1
5447,788,1
5448,6,1
5448,788,1
5449,792,1
5450,771,1
5450,788,1
5453,564,1
5453,614,1
5453,776,1
5453,788,1
5455,5473,1
5457,555,1
5458,5461,1
5458,771,1
5458,780,1
5458,788,1
5458,795,1
5458,809,1
5459,5478,1
5459,781,1
5459,784,1
5459,8,1
5460,788,1
5461,62,2
5461,771,1
5461,780,4
5461,788,3
5461,795,4
5461,8,2
5461,809,1
5462,92,1
5463,682,2
5463,795,1
5467,555,1
5468,555,1
5468,781,1
5469,940,1
5470,785,1
5474,6,1
5474,665,1
5477,789,1
5478,781,1
5478,784,1
5478,8,1
5483,562,2
5484,5485,1
5484,583,1
5485,583,1
5486,795,1
5487,682,1
5489,565,1
5490,686,1
5490,825,1
5491,5492,1
5493,5494,1
5493,5495,1
5493,8,1
5494,5495,1
5494,8,1
5495,8,1
5496,5497,1
5498,5499,1
5499,598,1
5499,8,1
55,680,1
55,93,2
5500,5501,1
5500,608,1
5500,631,2
5501,608,1
5501,631,1
5502,5503,2
5502,580,2
5503,580,2
5504,5505,1
5504,5506,1
5504,5507,1
5505,5506,1
5505,5507,1
5506,5507,1
5508,615,1
551,552,1
551,553,1
551,564,1
551,573,1
551,6,1
551,606,2
551,617,1
551,62,6
551,680,2
551,728,1
551,742,1
5511,792,1
5512,5513,1
5515,583,2
5516,5547,1
5518,608,1
5518,959,1
5519,5520,2
5519,5521,2
5519,5522,2
5519,5523,2
5519,5524,2
5519,5525,1
552,620,1
5520,5521,2
5520,5522,2
5520,5523,2
5520,5524,2
5520,5525,1
5521,5522,2
5521,5523,2
5521,5524,2
5521,5525,1
5522,5523,2
5522,5524,2
5522,5525,1
5523,5524,2
5523,5525,1
5523,5532,1
5523,598,1
5524,5525,1
5528,5529,1
5528,5530,1
5528,598,1
5528,792,1
5529,5530,1
5529,598,1
5529,792,1
553,555,1
553,570,2
553,62,2
5530,555,1
5530,5564,1
5530,5565,1
5530,5566,1
5530,5567,1
5530,5568,1
5530,598,1
5530,792,1
5531,598,1
5531,792,1
5531,940,1
5532,598,1
5537,560,1
5537,737,1
5538,5539,1
5538,5540,1
5538,5541,1
5539,5540,1
5539,5541,1
5540,5541,1
5542,5553,1
5542,562,1
5543,5544,1
5543,5545,1
5544,5545,1
5546,5547,2
5546,5559,1
5547,5555,1
5547,5559,1
5547,5569,1
5547,5570,1
5547,5571,1
5547,5572,1
5547,5573,1
5547,5574,1
5547,5575,1
5547,5576,1
5547,565,1
5547,940,1
5548,680,1
5548,773,1
5549,5550,1
555,5564,1
555,5565,1
555,5566,1
555,5567,1
555,5568,1
555,570,1
555,583,1
555,598,2
555,6,2
555,620,4
555,671,1
555,683,1
555,710,1
555,736,1
555,756,1
555,759,1
555,770,3
555,781,1
555,788,2
555,789,3
555,805,1
555,821,1
555,93,3
5551,5552,1
5551,686,1
5552,686,1
5554,5555,1
5554,5556,1
5554,565,1
5554,680,1
5554,759,1
5555,5556,1
5555,5569,1
5555,5570,1
5555,5571,1
5555,5572,1
5555,5573,1
5555,5574,1
5555,5575,1
5555,5576,1
5555,565,2
5555,680,1
5555,759,1
5555,940,1
5556,565,1
5556,680,1
5556,759,1
5557,5558,1
5557,597,1
5557,667,1
5557,686,1
5558,597,1
5558,667,1
5558,686,1
5562,5563,1
5564,5565,1
5564,5566,1
5564,5567,1
5564,5568,1
5565,5566,1
5565,5567,1
5565,5568,1
5566,5567,1
5566,5568,1
5567,5568,1
5569,5570,1
5569,5571,1
5569,5572,1
5569,5573,1
5569,5574,1
5569,5575,1
5569,5576,1
5569,565,1
5569,940,1
5570,5571,1
5570,5572,1
5570,5573,1
5570,5574,1
5570,5575,1
5570,5576,1
5570,565,1
5570,940,1
5571,5572,1
5571,5573,1
5571,5574,1
5571,5575,1
5571,5576,1
5571,565,1
5571,940,1
5572,5573,1
5572,5574,1
5572,5575,1
5572,5576,1
5572,565,1
5572,940,1
5573,5574,1
5573,5575,1
5573,5576,1
5573,565,1
5573,940,1
5574,5575,1
5574,5576,1
5574,565,1
5574,940,1
5575,5576,1
5575,565,1
5575,940,1
5576,565,1
5576,940,1
5577,5578,1
5581,795,2
5582,5583,1
5584,792,1
5584,8,1
5585,5586,1
5587,6,2
5589,8,1
5592,5593,1
5594,5595,1
5594,5596,1
5594,5597,1
5594,6,1
5594,839,1
5595,5596,1
5595,5597,1
5595,6,1
5595,839,1
5596,5597,1
5596,6,1
5596,839,1
5597,6,1
5597,839,1
5599,5600,1
560,583,1
560,606,2
560,617,1
560,62,1
560,627,1
560,713,1
560,737,1
560,773,1
560,79,1
560,816,1
562,62,3
562,635,1
562,673,1
562,730,1
562,773,1
562,781,1
564,573,1
564,583,1
564,6,2
564,62,4
564,620,2
564,658,1
564,687,1
564,728,1
564,736,1
564,79,1
564,93,1
565,680,1
565,759,1
565,795,1
565,8,2
565,940,1
568,620,1
568,631,2
568,756,1
568,8,1
570,62,1
570,620,1
570,93,1
579,621,1
581,8,3
582,583,1
583,6,1
583,606,1
583,62,2
583,631,1
583,673,1
583,682,1
583,701,1
583,790,2
588,752,1
593,594,1
593,613,1
593,8,1
594,636,1
597,667,1
597,686,1
598,62,1
598,769,1
598,776,1
598,792,2
598,8,1
598,940,4
6,615,1
6,617,1
6,62,2
6,620,1
6,631,1
6,665,2
6,682,1
6,770,1
6,788,5
6,794,2
6,795,2
6,8,2
6,814,1
6,839,1
6,88,1
6,96,1
606,62,3
606,680,2
606,728,1
606,79,1
606,836,1
607,62,1
608,631,1
608,959,1
614,788,1
614,986,1
617,62,1
617,620,1
617,645,1
617,680,1
617,685,1
617,687,1
617,735,1
617,739,1
617,748,1
617,79,1
617,93,1
617,96,1
62,620,3
62,627,1
62,671,1
62,673,1
62,680,1
62,682,4
62,687,2
62,700,2
62,701,1
62,722,1
62,728,1
62,735,1
62,742,1
62,76,1
62,780,3
62,788,4
62,79,1
62,795,3
62,8,3
62,93,1
62,96,1
62,962,1
620,627,1
620,631,1
620,687,1
620,701,1
620,737,1
620,739,2
620,756,1
620,8,1
625,705,1
625,79,1
627,79,1
627,93,1
631,679,1
631,682,1
635,773,1
640,756,1
645,735,1
645,96,1
652,94,1
655,759,2
665,682,2
665,686,1
665,764,1
665,780,1
665,787,1
667,686,1
669,671,1
670,781,1
671,723,1
671,991,1
680,683,1
680,74,1
680,751,2
680,759,1
680,773,1
680,79,1
680,93,1
682,700,1
682,764,1
682,769,1
682,776,1
682,780,1
682,787,1
682,795,1
682,8,4
682,940,3
683,756,1
683,764,1
683,805,1
686,825,1
687,722,1
687,748,1
700,96,1
704,710,1
704,79,1
710,821,1
710,93,1
711,735,1
713,816,1
720,759,1
720,8,1
735,756,1
735,96,1
737,8,1
739,8,3
756,805,1
759,775,1
759,8,3
759,981,1
764,770,1
764,788,1
769,8,1
770,788,3
771,773,1
771,780,1
771,788,4
771,795,1
771,809,1
780,787,1
780,788,4
780,795,5
780,8,3
780,805,1
780,809,1
781,784,1
781,8,2
784,8,1
785,788,1
787,827,2
788,795,4
788,8,3
788,809,1
788,831,1
789,791,1
789,825,1
790,791,1
792,8,1
792,831,1
794,795,4
795,8,4
795,809,1
8,801,1
821,822,1
821,93,1
93,962,1
